Workbook
Name LatestScores_Class9: RawData!$BH$6:$BH$67

Sheet RawData
A1: T | B1: 9
A2: Date | B2: 46118 | C2: 46118 | D2: 46120.727 | E2: 46120 | F2: 46120 | G2: 46121 | H2: 46122 | I2: 46122 | J2: 46126 | K2: 46126 | L2: 46128 | M2: 46128 | N2: 46129 | O2: 46131 | P2: 46131 | Q2: 46133 | R2: 46135 | S2: 46135 | T2: 46141 | U2: 46141 | V2: 46144 | W2: 46146 | X2: 46147 | Y2: 46147 | Z2: 46149 | AA2: 46153 | AB2: 46153 | AC2: 46153 | AD2: 46155 | AE2: 46157 | AF2: 46158 | AG2: 46158 | AH2: 46153 | AI2: 46153 | AJ2: 46161 | AK2: 46161 | AL2: 46161 | AM2: 46162 | AN2: 46163 | AO2: 46164 | AP2: 46167 | AQ2: 46167 | AR2: 46167 | AS2: 46167 | AT2: 46170 | AU2: 46171 | AV2: 46172 | AW2: 46175 | AX2: 46175 | AY2: 46177 | AZ2: 46178 | BA2: 46178 | BB2: 46178 | BC2: 46178 | BD2: 46178 | BE2: 46178 | BF2: 46178 | BG2: 46177 | BH2: 46183
A3: Subject | B3: Science | C3: Maths | D3: Science | E3: Maths | F3: Maths | G3: Science | H3: Science | I3: Maths | J3: Maths | K3: Maths | L3: Science | M3: Maths | N3: Maths | O3: Maths | P3: Science | Q3: Science | R3: Science | S3: Science | T3: Science | U3: Science | V3: Science | W3: Science | X3: Science | Y3: Maths | Z3: Science | AA3: Maths | AB3: Maths | AC3: Maths | AD3: Science | AE3: Science | AF3: Science | AG3: Maths | AH3: Maths | AI3: Maths | AJ3: Science | AK3: Science | AL3: Maths | AM3: Science | AN3: Science | AO3: Science | AP3: Science | AQ3: Science | AR3: Science | AS3: Science | AT3: Maths | AU3: Science | AV3: Maths | AW3: Science | AX3: Maths | AY3: Science | AZ3: Maths | BA3: Maths | BB3: Maths | BC3: Science | BD3: Maths | BE3: Science | BF3: Science | BG3: Science | BH3: Maths
A4: Total Marks | B4: 24 | C4: 40 | D4: 24 | E4: 40 | F4: 40 | G4: 40 | H4: 45 | I4: 40 | J4: 34 | K4: 20 | L4: 40 | M4: 34 | N4: 38 | O4: 40 | P4: 38 | Q4: 56 | R4: 28 | S4: 56 | T4: 30 | U4: 35 | V4: 40 | W4: 40 | X4: 40 | Y4: 40 | Z4: 40 | AA4: 38 | AB4: 40 | AC4: 36 | AD4: 35 | AE4: 50 | AF4: 38 | AG4: 35 | AH4: 25 | AI4: 25 | AJ4: 38 | AK4: 50 | AL4: 35 | AM4: 58 | AN4: 60 | AO4: 40 | AP4: 45 | AQ4: 40 | AR4: 95 | AS4: 58 | AT4: 35 | AU4: 55 | AV4: 35 | AW4: 40 | AX4: 38 | AY4: 40 | AZ4: 20 | BA4: 40 | BB4: 60 | BC4: 80 | BD4: 40 | BE4: 40 | BF4: 60 | BG4: 20 | BH4: 40
A5: Topic Name | B5: Cell: The Building Block of Life | C5: Orienting Yourself: The Use of Coordinates | D5: Cell: The Building Block of Life | E5: Orienting Yourself: The Use of Coordinates | F5: Orienting Yourself: The Use of Coordinates | G5: Cell: The Building Block of Life | H5: Cell: The Building Block of Life | I5: Orienting Yourself: The Use of Coordinates | J5: Introduction to Linear Polynomials | K5: Orienting Yourself: The Use of Coordinates | L5: Describing Motion Around Us | M5: Introduction to Linear Polynomials | N5: Introduction to Linear Polynomials | O5: Orienting Yourself: The Use of Coordinates | P5: Cell: The Building Block of Life | Q5: Exploring Mixtures and their Separation | R5: Describing Motion Around Us | S5: Exploring Mixtures and their Separation | T5: Describing Motion Around Us | U5: Cell: The Building Block of Life | V5: Cell: The Building Block of Life | W5: Cell: The Building Block of Life | X5: Cell: The Building Block of Life | Y5: The World of Numbers | Z5: Describing Motion Around Us | AA5: Introduction to Linear Polynomials | AB5: The World of Numbers | AC5: Orienting Yourself: The Use of Coordinates | AD5: Cell: The Building Block of Life | AE5: Cell: The Building Block of Life | AF5: Cell: The Building Block of Life | AG5: The World of Numbers | AH5: Orienting Yourself: The Use of Coordinates | AI5: Measuring Space: Perimeter and Area | AJ5: Cell: The Building Block of Life | AK5: Cell: The Building Block of Life | AL5: The World of Numbers | AM5: Cell: The Building Block of Life | AN5: Cell: The Building Block of Life | AO5: Describing Motion Around Us | AP5: Describing Motion Around Us | AQ5: Exploring Mixtures and their Separation | AR5: Cell: The Building Block of Life | AS5: Exploring Mixtures and their Separation | AT5: The World of Numbers | AU5: Describing Motion Around Us | AV5: The World of Numbers | AW5: Describing Motion Around Us | AX5: The World of Numbers | AY5: Describing Motion Around Us | AZ5: Measuring Space: Perimeter and Area | BA5: Introduction to Linear Polynomials | BB5: The World of Numbers | BC5: Cell: The Building Block of Life | BD5: Orienting Yourself: The Use of Coordinates | BE5: Exploring Mixtures and their Separation | BF5: Describing Motion Around Us | BG5: Describing Motion Around Us | BH5: Introduction to Linear Polynomials
A6: Aabhav Aggarwal | B6: 20 | C6: 40 | D6: 22 | E6: 38 | F6: 34 | G6: 36 | H6: 38 | I6: 36 | J6: 30 | K6: 18 | L6: 38 | M6: 32 | N6: 34 | O6: 38 | P6: 38 | Q6: 50 | R6: 24 | S6: 54 | T6: 24 | U6: 32 | V6: 36 | W6: 34 | X6: 36 | Y6: 36 | Z6: 38 | AA6: 26 | AB6: 36 | AC6: 34 | AD6: 22 | AE6: 36 | AF6: 26 | AG6: 26 | AH6: 25 | AI6: 19 | AJ6: 32 | AK6: 46 | AL6: 35 | AM6: 54 | AN6: 52 | AO6: 40 | AP6: 40 | AQ6: 38 | AR6: 94 | AS6: 54 | AT6: 27 | AU6: 51 | AV6: 35 | AW6: 34 | AX6: 36 | AY6: 40 | AZ6: 20 | BA6: 38 | BB6: 52 | BC6: 66 | BD6: 40 | BE6: 38 | BF6: 58 | BG6: 17 | BH6: Absent
A7: Aanya Aggarwal | B7: Absent | C7: Absent | D7: Absent | E7: Absent | F7: Absent | G7: 30 | H7: 32 | I7: 26 | J7: 32 | K7: 20 | L7: 28 | M7: 30 | N7: 34 | O7: 32 | P7: 34 | Q7: 46 | R7: 16 | S7: 38 | T7: 24 | U7: 35 | V7: 36 | W7: 32 | X7: 40 | Y7: 36 | Z7: 30 | AA7: Absent | AB7: Absent | AC7: Absent | AD7: Absent | AE7: 26 | AF7: 30 | AG7: 26 | AH7: Absent | AI7: Absent | AJ7: 30 | AK7: 34 | AL7: 22 | AM7: 46 | AN7: 50 | AO7: 32 | AP7: 34 | AQ7: 30 | AR7: 92 | AS7: 50 | AT7: 20 | AU7: 37 | AV7: 28 | AW7: 30 | AX7: 30 | AY7: 28 | AZ7: 18 | BA7: 38 | BB7: 56 | BC7: 66 | BD7: 36 | BE7: 28 | BF7: 48 | BG7: 18 | BH7: Absent
A8: Aarav Bansal | B8: 22 | C8: 38 | D8: 24 | E8: 40 | F8: 38 | G8: 38 | H8: 44 | I8: 38 | J8: 32 | K8: 20 | L8: 38 | M8: 30 | N8: 34 | O8: 38 | P8: 36 | Q8: 48 | R8: 24 | S8: 53 | T8: 28 | U8: 33 | V8: 30 | W8: 32 | X8: 32 | Y8: 38 | Z8: 32 | AA8: 32 | AB8: 40 | AC8: 32 | AD8: 24 | AE8: 34 | AF8: 32 | AG8: 30 | AH8: 21 | AI8: 13 | AJ8: 28 | AK8: 42 | AL8: 32 | AM8: 46 | AN8: 48 | AO8: 40 | AP8: 34 | AQ8: 36 | AR8: 90 | AS8: 46 | AT8: 28 | AU8: 45 | AV8: 31 | AW8: Absent | AX8: Absent | AY8: Absent | AZ8: Absent | BA8: Absent | BB8: Absent | BC8: Absent | BD8: Absent | BE8: Absent | BF8: Absent | BG8: Absent | BH8: Absent
A9: Aashi Gupta | B9: 22 | C9: 22 | D9: 22 | E9: 32 | F9: 32 | G9: 38 | H9: 38 | I9: 32 | J9: 24 | K9: 11 | L9: 26 | M9: 28 | N9: 28 | O9: Absent | P9: Absent | Q9: 46 | R9: 12 | S9: 50 | T9: 18 | U9: 34 | V9: Absent | W9: 24 | X9: 26 | Y9: 23 | Z9: 26 | AA9: 32 | AB9: 28 | AC9: 24 | AD9: 28 | AE9: 42 | AF9: 36 | AG9: 19 | AH9: 17 | AI9: 16 | AJ9: 30 | AK9: 48 | AL9: 17 | AM9: 40 | AN9: 46 | AO9: 32 | AP9: 18 | AQ9: 32 | AR9: 86 | AS9: 42 | AT9: 18 | AU9: 37 | AV9: 16 | AW9: 24 | AX9: 32 | AY9: 32 | AZ9: 8 | BA9: 40 | BB9: 42 | BC9: 66 | BD9: 30 | BE9: 22 | BF9: 50 | BG9: 18 | BH9: 32
A10: Aashray Maken | B10: 14 | C10: 30 | D10: 18 | E10: 28 | F10: 20 | G10: 18 | H10: 30 | I10: 30 | J10: 26 | K10: 13 | L10: 22 | M10: 26 | N10: 26 | O10: 34 | P10: 24 | Q10: 28 | R10: 14 | S10: 36 | T10: 20 | U10: 28 | V10: 30 | W10: 26 | X10: 32 | Y10: 19 | Z10: 22 | AA10: 20 | AB10: 21 | AC10: 28 | AD10: 18 | AE10: 24 | AF10: 26 | AG10: 23 | AH10: 14 | AI10: 13 | AJ10: 28 | AK10: 32 | AL10: 15 | AM10: 32 | AN10: 44 | AO10: 24 | AP10: 18 | AQ10: 26 | AR10: 70 | AS10: 26 | AT10: 16 | AU10: 22 | AV10: 20 | AW10: 16 | AX10: 22 | AY10: 26 | AZ10: 8 | BA10: 38 | BB10: 40 | BC10: 48 | BD10: 34 | BE10: 22 | BF10: 36 | BG10: 9 | BH10: 30
A11: Adaa Kataria | B11: Absent | C11: Absent | D11: Absent | E11: Absent | F11: Absent | G11: Absent | H11: Absent | I11: Absent | J11: Absent | K11: Absent | L11: Absent | M11: Absent | N11: Absent | O11: Absent | P11: Absent | Q11: Absent | R11: Absent | S11: Absent | T11: 12 | U11: 18 | V11: 22 | W11: 22 | X11: 22 | Y11: 17 | Z11: 20 | AA11: Absent | AB11: Absent | AC11: Absent | AD11: Absent | AE11: 20 | AF11: 18 | AG11: 16 | AH11: Absent | AI11: Absent | AJ11: 20 | AK11: 32 | AL11: 14 | AM11: 30 | AN11: 24 | AO11: 16 | AP11: 18 | AQ11: 26 | AR11: 48 | AS11: 24 | AT11: 17 | AU11: Absent | AV11: 14 | AW11: Absent | AX11: Absent | AY11: 16 | AZ11: 8 | BA11: 20 | BB11: 38 | BC11: 36 | BD11: 16 | BE11: 22 | BF11: 24 | BG11: 7 | BH11: 22
A12: Adhiraj Dhall | B12: 22 | C12: 40 | D12: 22 | E12: 36 | F12: 40 | G12: 36 | H12: 34 | I12: 38 | J12: 28 | K12: 20 | L12: 32 | M12: 32 | N12: 38 | O12: 40 | P12: 38 | Q12: 56 | R12: 28 | S12: 56 | T12: 28 | U12: 35 | V12: 38 | W12: 40 | X12: 40 | Y12: 34 | Z12: 36 | AA12: 38 | AB12: 38 | AC12: 32 | AD12: 30 | AE12: 46 | AF12: 36 | AG12: 28 | AH12: 25 | AI12: 20 | AJ12: 32 | AK12: 50 | AL12: 35 | AM12: 50 | AN12: 50 | AO12: 40 | AP12: 45 | AQ12: 36 | AR12: 88 | AS12: 56 | AT12: 27 | AU12: 53 | AV12: 27 | AW12: 32 | AX12: 26 | AY12: 38 | AZ12: Absent | BA12: Absent | BB12: Absent | BC12: Absent | BD12: Absent | BE12: Absent | BF12: Absent | BG12: 19 | BH12: Absent
A13: Agamya Saini | B13: Absent | C13: Absent | D13: Absent | E13: Absent | F13: Absent | G13: Absent | H13: Absent | I13: Absent | J13: Absent | K13: Absent | L13: Absent | M13: Absent | N13: Absent | O13: Absent | P13: Absent | Q13: Absent | R13: Absent | S13: Absent | T13: Absent | U13: Absent | V13: Absent | W13: Absent | X13: 16 | Y13: 16 | Z13: 22 | AA13: 24 | AB13: 27 | AC13: 15 | AD13: 28 | AE13: 38 | AF13: 18 | AG13: 25 | AH13: 11 | AI13: 11 | AJ13: 28 | AK13: 44 | AL13: 27 | AM13: 44 | AN13: 56 | AO13: 24 | AP13: 32 | AQ13: 40 | AR13: 74 | AS13: 48 | AT13: 28 | AU13: 38 | AV13: 32 | AW13: 32 | AX13: 30 | AY13: Absent | AZ13: Absent | BA13: Absent | BB13: Absent | BC13: Absent | BD13: Absent | BE13: Absent | BF13: Absent | BG13: Absent | BH13: 30
A14: Akshat Singh | B14: 22 | C14: 40 | D14: 24 | E14: 34 | F14: 16 | G14: 36 | H14: 36 | I14: 32 | J14: 26 | K14: 18 | L14: 30 | M14: 28 | N14: 36 | O14: 38 | P14: 38 | Q14: 48 | R14: 24 | S14: 50 | T14: 28 | U14: 32 | V14: 30 | W14: 36 | X14: 36 | Y14: 34 | Z14: 30 | AA14: 34 | AB14: 38 | AC14: 30 | AD14: 22 | AE14: 38 | AF14: 22 | AG14: 24 | AH14: 20 | AI14: 20 | AJ14: 24 | AK14: 40 | AL14: 32 | AM14: 46 | AN14: 44 | AO14: 32 | AP14: 45 | AQ14: 40 | AR14: 82 | AS14: 48 | AT14: 26 | AU14: 51 | AV14: 31 | AW14: 36 | AX14: 30 | AY14: 34 | AZ14: 20 | BA14: 36 | BB14: 58 | BC14: 58 | BD14: 38 | BE14: 36 | BF14: 52 | BG14: 15 | BH14: 38
A15: Ameya Goel | B15: Absent | C15: Absent | D15: Absent | E15: Absent | F15: Absent | G15: Absent | H15: Absent | I15: Absent | J15: Absent | K15: Absent | L15: 24 | M15: 24 | N15: 26 | O15: 16 | P15: 18 | Q15: Absent | R15: 16 | S15: 30 | T15: 24 | U15: 26 | V15: 16 | W15: Absent | X15: 16 | Y15: 34 | Z15: 30 | AA15: Absent | AB15: Absent | AC15: Absent | AD15: Absent | AE15: Absent | AF15: Absent | AG15: Absent | AH15: Absent | AI15: Absent | AJ15: 16 | AK15: 26 | AL15: 17 | AM15: 30 | AN15: 36 | AO15: 32 | AP15: 30 | AQ15: 24 | AR15: 64 | AS15: 30 | AT15: 14 | AU15: 40 | AV15: 27 | AW15: 18 | AX15: 28 | AY15: 34 | AZ15: 8 | BA15: 36 | BB15: 50 | BC15: 58 | BD15: 16 | BE15: 26 | BF15: 50 | BG15: 5 | BH15: 32
A16: Anay Arora | B16: 16 | C16: 28 | D16: 16 | E16: 26 | F16: 22 | G16: 24 | H16: 30 | I16: 26 | J16: 24 | K16: 12 | L16: 22 | M16: 26 | N16: 30 | O16: 32 | P16: 28 | Q16: 23 | R16: 14 | S16: 34 | T16: Absent | U16: Absent | V16: 28 | W16: Absent | X16: Absent | Y16: Absent | Z16: Absent | AA16: Absent | AB16: Absent | AC16: Absent | AD16: 14 | AE16: Absent | AF16: Absent | AG16: Absent | AH16: Absent | AI16: Absent | AJ16: Absent | AK16: Absent | AL16: Absent | AM16: Absent | AN16: Absent | AO16: Absent | AP16: 18 | AQ16: 16 | AR16: 38 | AS16: 28 | AT16: 14 | AU16: 22 | AV16: Absent | AW16: 24 | AX16: 16 | AY16: 30 | AZ16: 8 | BA16: 38 | BB16: 38 | BC16: 36 | BD16: 36 | BE16: 16 | BF16: 24 | BG16: 5 | BH16: Absent
A17: Arnav Goel | B17: 24 | C17: 38 | D17: 24 | E17: 38 | F17: 34 | G17: 30 | H17: 32 | I17: 38 | J17: 34 | K17: 20 | L17: 36 | M17: 32 | N17: 38 | O17: 40 | P17: 34 | Q17: 44 | R17: 26 | S17: 52 | T17: 30 | U17: 32 | V17: 34 | W17: 32 | X17: 36 | Y17: 34 | Z17: 34 | AA17: 38 | AB17: 36 | AC17: 30 | AD17: 18 | AE17: 36 | AF17: 30 | AG17: 25 | AH17: 18 | AI17: 22 | AJ17: 32 | AK17: 42 | AL17: 35 | AM17: 50 | AN17: 52 | AO17: 40 | AP17: 44 | AQ17: 32 | AR17: 90 | AS17: 54 | AT17: 33 | AU17: 42 | AV17: 33 | AW17: 16 | AX17: 38 | AY17: 38 | AZ17: 18 | BA17: 38 | BB17: 54 | BC17: 76 | BD17: 36 | BE17: 40 | BF17: 60 | BG17: 17 | BH17: 38
A18: Arnav Mehndiratta | B18: Absent | C18: Absent | D18: Absent | E18: Absent | F18: Absent | G18: Absent | H18: Absent | I18: Absent | J18: Absent | K18: Absent | L18: Absent | M18: Absent | N18: Absent | O18: Absent | P18: Absent | Q18: Absent | R18: Absent | S18: Absent | T18: Absent | U18: Absent | V18: Absent | W18: Absent | X18: Absent | Y18: Absent | Z18: Absent | AA18: Absent | AB18: Absent | AC18: Absent | AD18: Absent | AE18: Absent | AF18: Absent | AG18: Absent | AH18: Absent | AI18: Absent | AJ18: Absent | AK18: Absent | AL18: Absent | AM18: Absent | AN18: Absent | AO18: Absent | AP18: Absent | AQ18: Absent | AR18: Absent | AS18: Absent | AT18: Absent | AU18: Absent | AV18: Absent | AW18: 26 | AX18: 16 | AY18: Absent | AZ18: Absent | BA18: Absent | BB18: Absent | BC18: Absent | BD18: Absent | BE18: Absent | BF18: Absent | BG18: Absent | BH18: 38
A19: Arnav Saxena | B19: 22 | C19: 38 | D19: 24 | E19: 40 | F19: 38 | G19: 38 | H19: 44 | I19: 38 | J19: 32 | K19: 20 | L19: 38 | M19: 30 | N19: 36 | O19: 38 | P19: 38 | Q19: 56 | R19: 28 | S19: 56 | T19: 30 | U19: 35 | V19: 38 | W19: 40 | X19: 40 | Y19: 36 | Z19: 38 | AA19: 32 | AB19: 36 | AC19: 32 | AD19: 34 | AE19: 50 | AF19: 36 | AG19: 33 | AH19: 21 | AI19: 22 | AJ19: 32 | AK19: 48 | AL19: 32 | AM19: 56 | AN19: 54 | AO19: 40 | AP19: 45 | AQ19: 40 | AR19: 92 | AS19: 58 | AT19: 31 | AU19: 55 | AV19: 35 | AW19: 40 | AX19: 36 | AY19: 40 | AZ19: 20 | BA19: 40 | BB19: 54 | BC19: 70 | BD19: 38 | BE19: 38 | BF19: 60 | BG19: 17 | BH19: 38
A20: Atharv Aggarwal | B20: 20 | C20: 36 | D20: 20 | E20: 38 | F20: 36 | G20: 34 | H20: 44 | I20: 36 | J20: 30 | K20: 20 | L20: 40 | M20: 32 | N20: 38 | O20: 36 | P20: 38 | Q20: 54 | R20: 28 | S20: 56 | T20: 30 | U20: 32 | V20: 34 | W20: 38 | X20: 38 | Y20: 36 | Z20: Absent | AA20: 36 | AB20: 38 | AC20: 36 | AD20: 32 | AE20: 46 | AF20: 34 | AG20: 33 | AH20: 23 | AI20: 19 | AJ20: 32 | AK20: 42 | AL20: 35 | AM20: 36 | AN20: 38 | AO20: 38 | AP20: 45 | AQ20: 40 | AR20: 92 | AS20: 58 | AT20: 33 | AU20: 51 | AV20: 30 | AW20: 38 | AX20: 28 | AY20: 36 | AZ20: Absent | BA20: Absent | BB20: Absent | BC20: Absent | BD20: Absent | BE20: Absent | BF20: Absent | BG20: 18 | BH20: 36
A21: Avni Chhabra | B21: 22 | C21: 30 | D21: 24 | E21: 36 | F21: 28 | G21: 24 | H21: 32 | I21: 28 | J21: 22 | K21: 13 | L21: 28 | M21: 28 | N21: 28 | O21: 34 | P21: 36 | Q21: 44 | R21: 14 | S21: 48 | T21: 18 | U21: 30 | V21: 32 | W21: 32 | X21: 32 | Y21: 27 | Z21: 26 | AA21: 24 | AB21: 27 | AC21: 18 | AD21: 20 | AE21: 40 | AF21: 38 | AG21: 30 | AH21: 18 | AI21: 14 | AJ21: 38 | AK21: 48 | AL21: 23 | AM21: 56 | AN21: 56 | AO21: 28 | AP21: 24 | AQ21: 40 | AR21: 82 | AS21: 50 | AT21: 20 | AU21: 34 | AV21: Absent | AW21: 32 | AX21: 28 | AY21: 32 | AZ21: Absent | BA21: Absent | BB21: Absent | BC21: Absent | BD21: Absent | BE21: Absent | BF21: Absent | BG21: 9 | BH21: Absent
A22: Ayaan Guglani | B22: 22 | C22: 38 | D22: 24 | E22: 36 | F22: 38 | G22: 32 | H22: 38 | I22: 38 | J22: 28 | K22: 20 | L22: 30 | M22: 30 | N22: 36 | O22: 40 | P22: 34 | Q22: 50 | R22: 20 | S22: 42 | T22: 26 | U22: 34 | V22: 36 | W22: 36 | X22: 34 | Y22: 34 | Z22: 30 | AA22: 34 | AB22: 40 | AC22: 34 | AD22: 28 | AE22: 48 | AF22: 32 | AG22: 30 | AH22: 21 | AI22: 19 | AJ22: 36 | AK22: 46 | AL22: 32 | AM22: 52 | AN22: 52 | AO22: 36 | AP22: 41 | AQ22: 40 | AR22: 86 | AS22: 54 | AT22: Absent | AU22: 45 | AV22: 35 | AW22: 30 | AX22: 26 | AY22: 36 | AZ22: 18 | BA22: 32 | BB22: 60 | BC22: 74 | BD22: 36 | BE22: 34 | BF22: 54 | BG22: 16 | BH22: Absent
A23: Ayaan Singh | B23: 20 | C23: 40 | D23: 24 | E23: 40 | F23: 34 | G23: 38 | H23: 45 | I23: 36 | J23: 26 | K23: 19 | L23: 38 | M23: 34 | N23: 36 | O23: 38 | P23: 38 | Q23: 50 | R23: 26 | S23: 54 | T23: 30 | U23: 35 | V23: 34 | W23: 40 | X23: 40 | Y23: 34 | Z23: 36 | AA23: Absent | AB23: Absent | AC23: Absent | AD23: Absent | AE23: 46 | AF23: 32 | AG23: 31 | AH23: Absent | AI23: Absent | AJ23: 36 | AK23: 44 | AL23: 32 | AM23: 54 | AN23: 58 | AO23: 36 | AP23: 43 | AQ23: 38 | AR23: 90 | AS23: 50 | AT23: 24 | AU23: 45 | AV23: Absent | AW23: 28 | AX23: 32 | AY23: 38 | AZ23: 18 | BA23: 40 | BB23: 58 | BC23: 76 | BD23: 36 | BE23: 40 | BF23: 58 | BG23: 17 | BH23: Absent
A24: Ayush Kumar | B24: 10 | C24: 20 | D24: 16 | E24: 18 | F24: 16 | G24: 22 | H24: 18 | I24: 16 | J24: 24 | K24: 13 | L24: 22 | M24: 22 | N24: 28 | O24: 32 | P24: 32 | Q24: 23 | R24: 12 | S24: 23 | T24: 16 | U24: 20 | V24: 28 | W24: Absent | X24: 16 | Y24: 16 | Z24: 16 | AA24: 22 | AB24: Absent | AC24: 18 | AD24: 14 | AE24: 20 | AF24: 16 | AG24: 14 | AH24: 13 | AI24: 2 | AJ24: 16 | AK24: 20 | AL24: 14 | AM24: 24 | AN24: 24 | AO24: 26 | AP24: 18 | AQ24: 16 | AR24: 38 | AS24: 24 | AT24: 14 | AU24: 22 | AV24: 14 | AW24: 16 | AX24: 16 | AY24: 16 | AZ24: 8 | BA24: 38 | BB24: 24 | BC24: 36 | BD24: 24 | BE24: 16 | BF24: 38 | BG24: 2 | BH24: 24
A25: Bhavik Katoch | B25: 22 | C25: 36 | D25: 24 | E25: 36 | F25: 38 | G25: 34 | H25: 42 | I25: 38 | J25: 28 | K25: 15 | L25: 36 | M25: 32 | N25: 34 | O25: 40 | P25: 38 | Q25: 52 | R25: 28 | S25: 52 | T25: 28 | U25: 30 | V25: 30 | W25: 32 | X25: 34 | Y25: 23 | Z25: 34 | AA25: 36 | AB25: 30 | AC25: 28 | AD25: 32 | AE25: 36 | AF25: 28 | AG25: 30 | AH25: 21 | AI25: 20 | AJ25: 30 | AK25: 36 | AL25: 32 | AM25: 48 | AN25: Absent | AO25: Absent | AP25: 42 | AQ25: 38 | AR25: 78 | AS25: 56 | AT25: 28 | AU25: 51 | AV25: Absent | AW25: Absent | AX25: Absent | AY25: Absent | AZ25: Absent | BA25: Absent | BB25: Absent | BC25: Absent | BD25: Absent | BE25: Absent | BF25: Absent | BG25: Absent | BH25: Absent
A26: Bhavya Chawla | B26: 22 | C26: 24 | D26: 20 | E26: 36 | F26: 40 | G26: 30 | H26: 32 | I26: 38 | J26: 26 | K26: 19 | L26: 30 | M26: 32 | N26: 36 | O26: 40 | P26: 34 | Q26: 52 | R26: 22 | S26: 50 | T26: 26 | U26: 35 | V26: 34 | W26: 32 | X26: 38 | Y26: 34 | Z26: 26 | AA26: 32 | AB26: 34 | AC26: 32 | AD26: 28 | AE26: 42 | AF26: 28 | AG26: 25 | AH26: 18 | AI26: 22 | AJ26: Absent | AK26: Absent | AL26: Absent | AM26: Absent | AN26: Absent | AO26: 34 | AP26: 37 | AQ26: 40 | AR26: 88 | AS26: 58 | AT26: 24 | AU26: 45 | AV26: 28 | AW26: 28 | AX26: 34 | AY26: 40 | AZ26: 16 | BA26: 40 | BB26: 54 | BC26: 60 | BD26: 36 | BE26: 38 | BF26: 56 | BG26: 20 | BH26: 36
A27: Bhuvi Chauhan | B27: 20 | C27: 40 | D27: 24 | E27: 40 | F27: 38 | G27: 38 | H27: 36 | I27: 40 | J27: 32 | K27: 19 | L27: 30 | M27: 34 | N27: Absent | O27: Absent | P27: Absent | Q27: 34 | R27: 18 | S27: 44 | T27: 24 | U27: 34 | V27: 36 | W27: 40 | X27: 40 | Y27: 40 | Z27: 28 | AA27: 30 | AB27: 38 | AC27: 32 | AD27: 34 | AE27: 50 | AF27: 38 | AG27: 33 | AH27: 25 | AI27: 21 | AJ27: 36 | AK27: 50 | AL27: 29 | AM27: 58 | AN27: 58 | AO27: 34 | AP27: 38 | AQ27: 32 | AR27: 92 | AS27: 50 | AT27: 31 | AU27: 37 | AV27: Absent | AW27: Absent | AX27: Absent | AY27: 30 | AZ27: Absent | BA27: Absent | BB27: Absent | BC27: Absent | BD27: Absent | BE27: Absent | BF27: Absent | BG27: 18 | BH27: 38
A28: Chahat Sehgal | B28: Absent | C28: 16 | D28: 16 | E28: 24 | F28: 28 | G28: 16 | H28: 30 | I28: 16 | J28: 28 | K28: 17 | L28: 26 | M28: 22 | N28: 34 | O28: 32 | P28: 34 | Q28: 46 | R28: 12 | S28: 46 | T28: 24 | U28: 24 | V28: 30 | W28: 16 | X28: 28 | Y28: 27 | Z28: 28 | AA28: 32 | AB28: 27 | AC28: 28 | AD28: Absent | AE28: Absent | AF28: Absent | AG28: Absent | AH28: 16 | AI28: 14 | AJ28: 26 | AK28: 28 | AL28: 24 | AM28: 28 | AN28: 36 | AO28: 30 | AP28: 22 | AQ28: 30 | AR28: 72 | AS28: 48 | AT28: 22 | AU28: 26 | AV28: Absent | AW28: 24 | AX28: 28 | AY28: 34 | AZ28: 12 | BA28: 38 | BB28: 56 | BC28: 64 | BD28: 30 | BE28: 32 | BF28: 50 | BG28: 17 | BH28: 32
A29: Chhavi Saini | B29: Absent | C29: Absent | D29: Absent | E29: Absent | F29: Absent | G29: Absent | H29: Absent | I29: Absent | J29: Absent | K29: Absent | L29: 16 | M29: 20 | N29: 28 | O29: 16 | P29: 16 | Q29: 48 | R29: 12 | S29: 54 | T29: 22 | U29: 28 | V29: 30 | W29: 24 | X29: 28 | Y29: 38 | Z29: 16 | AA29: 24 | AB29: 34 | AC29: 15 | AD29: 20 | AE29: Absent | AF29: 28 | AG29: 23 | AH29: 18 | AI29: 12 | AJ29: 30 | AK29: 38 | AL29: 29 | AM29: 44 | AN29: 50 | AO29: 28 | AP29: 34 | AQ29: 28 | AR29: 78 | AS29: 56 | AT29: 17 | AU29: 42 | AV29: Absent | AW29: 28 | AX29: 22 | AY29: 30 | AZ29: 20 | BA29: 34 | BB29: 48 | BC29: 66 | BD29: 32 | BE29: 38 | BF29: 52 | BG29: 17 | BH29: 38
A30: Daksh Julka | B30: 16 | C30: 34 | D30: 18 | E30: 36 | F30: 28 | G30: 30 | H30: 34 | I30: 28 | J30: 32 | K30: 17 | L30: 26 | M30: 28 | N30: 36 | O30: 36 | P30: 30 | Q30: 46 | R30: 18 | S30: 44 | T30: 24 | U30: 26 | V30: 34 | W30: 36 | X30: 40 | Y30: 29 | Z30: 20 | AA30: 30 | AB30: 32 | AC30: 28 | AD30: 26 | AE30: Absent | AF30: 22 | AG30: 28 | AH30: 16 | AI30: 4 | AJ30: 26 | AK30: 34 | AL30: 26 | AM30: 32 | AN30: 36 | AO30: 34 | AP30: 18 | AQ30: 26 | AR30: 76 | AS30: 42 | AT30: 26 | AU30: 32 | AV30: 24 | AW30: 16 | AX30: 26 | AY30: 26 | AZ30: 8 | BA30: 32 | BB30: 50 | BC30: 60 | BD30: 34 | BE30: 22 | BF30: 52 | BG30: 16 | BH30: Absent
A31: Devishee Nayar | B31: 22 | C31: 40 | D31: 24 | E31: 40 | F31: 36 | G31: Absent | H31: Absent | I31: Absent | J31: 24 | K31: 15 | L31: 34 | M31: 28 | N31: 36 | O31: 38 | P31: 38 | Q31: 48 | R31: 24 | S31: 52 | T31: 30 | U31: 35 | V31: 30 | W31: 34 | X31: 36 | Y31: 40 | Z31: 32 | AA31: 30 | AB31: 38 | AC31: 36 | AD31: 28 | AE31: 50 | AF31: 38 | AG31: 33 | AH31: 21 | AI31: 16 | AJ31: 38 | AK31: 48 | AL31: 29 | AM31: 50 | AN31: 56 | AO31: Absent | AP31: 41 | AQ31: 36 | AR31: 80 | AS31: 40 | AT31: Absent | AU31: Absent | AV31: 31 | AW31: 34 | AX31: 32 | AY31: 38 | AZ31: Absent | BA31: Absent | BB31: Absent | BC31: Absent | BD31: Absent | BE31: Absent | BF31: Absent | BG31: 18 | BH31: Absent
A32: Devishi Gupta | B32: 24 | C32: 40 | D32: 24 | E32: 38 | F32: 40 | G32: 36 | H32: 36 | I32: 40 | J32: 32 | K32: 20 | L32: 32 | M32: 30 | N32: 38 | O32: 40 | P32: 38 | Q32: 54 | R32: 20 | S32: 54 | T32: 26 | U32: 32 | V32: 38 | W32: 36 | X32: 40 | Y32: 38 | Z32: 34 | AA32: 30 | AB32: 38 | AC32: 32 | AD32: 32 | AE32: 46 | AF32: 36 | AG32: 35 | AH32: 24 | AI32: 23 | AJ32: 28 | AK32: 46 | AL32: 32 | AM32: 52 | AN32: 54 | AO32: 36 | AP32: 45 | AQ32: 40 | AR32: 88 | AS32: 56 | AT32: 33 | AU32: 46 | AV32: 33 | AW32: 16 | AX32: 38 | AY32: 38 | AZ32: 20 | BA32: 38 | BB32: 60 | BC32: 70 | BD32: 36 | BE32: 38 | BF32: 56 | BG32: 18 | BH32: 40
A33: Fateh Partap Singh | B33: Absent | C33: Absent | D33: Absent | E33: Absent | F33: Absent | G33: Absent | H33: Absent | I33: Absent | J33: Absent | K33: Absent | L33: Absent | M33: Absent | N33: Absent | O33: Absent | P33: Absent | Q33: Absent | R33: Absent | S33: Absent | T33: Absent | U33: Absent | V33: Absent | W33: Absent | X33: Absent | Y33: Absent | Z33: Absent | AA33: Absent | AB33: Absent | AC33: Absent | AD33: Absent | AE33: Absent | AF33: Absent | AG33: Absent | AH33: Absent | AI33: Absent | AJ33: Absent | AK33: Absent | AL33: Absent | AM33: Absent | AN33: Absent | AO33: Absent | AP33: Absent | AQ33: Absent | AR33: Absent | AS33: Absent | AT33: Absent | AU33: Absent | AV33: Absent | AW33: 12 | AX33: 10 | AY33: 16 | AZ33: 6 | BA33: 32 | BB33: 26 | BC33: 22 | BD33: 20 | BE33: 20 | BF33: 24 | BG33: 11 | BH33: 26
A34: Japnidh Singh | B34: 24 | C34: 40 | D34: 24 | E34: 40 | F34: 36 | G34: 36 | H34: 38 | I34: 40 | J34: 30 | K34: 20 | L34: 40 | M34: 32 | N34: 38 | O34: 40 | P34: 38 | Q34: 56 | R34: 28 | S34: 54 | T34: 30 | U34: 35 | V34: Absent | W34: 34 | X34: 38 | Y34: 40 | Z34: 34 | AA34: 36 | AB34: 40 | AC34: 32 | AD34: 26 | AE34: 46 | AF34: 32 | AG34: 30 | AH34: 15 | AI34: 19 | AJ34: Absent | AK34: Absent | AL34: Absent | AM34: 54 | AN34: 52 | AO34: 34 | AP34: Absent | AQ34: Absent | AR34: Absent | AS34: Absent | AT34: 35 | AU34: Absent | AV34: 35 | AW34: 36 | AX34: 36 | AY34: 40 | AZ34: 20 | BA34: 36 | BB34: 54 | BC34: 64 | BD34: 38 | BE34: 34 | BF34: 32 | BG34: 20 | BH34: Absent
A35: Jaskeerat Kaur | B35: 22 | C35: 40 | D35: 22 | E35: 40 | F35: 38 | G35: 38 | H35: 40 | I35: 36 | J35: 28 | K35: 14 | L35: 38 | M35: 34 | N35: 36 | O35: 40 | P35: 38 | Q35: 48 | R35: 20 | S35: 56 | T35: 28 | U35: 34 | V35: 40 | W35: 38 | X35: 40 | Y35: 36 | Z35: 34 | AA35: 34 | AB35: 34 | AC35: 34 | AD35: 35 | AE35: 50 | AF35: Absent | AG35: Absent | AH35: 15 | AI35: 21 | AJ35: 38 | AK35: 48 | AL35: 35 | AM35: 56 | AN35: Absent | AO35: 36 | AP35: Absent | AQ35: Absent | AR35: Absent | AS35: Absent | AT35: 29 | AU35: 46 | AV35: 31 | AW35: 34 | AX35: 32 | AY35: 34 | AZ35: 18 | BA35: 38 | BB35: 60 | BC35: 64 | BD35: 38 | BE35: 16 | BF35: 60 | BG35: 16 | BH35: 40
A36: Jigar | B36: Absent | C36: Absent | D36: Absent | E36: Absent | F36: Absent | G36: 22 | H36: 24 | I36: 16 | J36: 24 | K36: 10 | L36: 34 | M36: 24 | N36: 34 | O36: 32 | P36: 20 | Q36: 38 | R36: 14 | S36: 42 | T36: 26 | U36: 32 | V36: 32 | W36: 24 | X36: 26 | Y36: 33 | Z36: 34 | AA36: 24 | AB36: 34 | AC36: 28 | AD36: 16 | AE36: 20 | AF36: 18 | AG36: 28 | AH36: 23 | AI36: 12 | AJ36: 26 | AK36: 32 | AL36: 21 | AM36: 40 | AN36: Absent | AO36: Absent | AP36: 33 | AQ36: 18 | AR36: 68 | AS36: 44 | AT36: 26 | AU36: 30 | AV36: Absent | AW36: 34 | AX36: 24 | AY36: 32 | AZ36: Absent | BA36: Absent | BB36: Absent | BC36: Absent | BD36: Absent | BE36: Absent | BF36: Absent | BG36: 7 | BH36: Absent
A37: Jivanshi | B37: Absent | C37: Absent | D37: Absent | E37: Absent | F37: Absent | G37: Absent | H37: Absent | I37: Absent | J37: Absent | K37: Absent | L37: Absent | M37: Absent | N37: Absent | O37: Absent | P37: Absent | Q37: Absent | R37: Absent | S37: Absent | T37: Absent | U37: Absent | V37: Absent | W37: 16 | X37: 28 | Y37: 21 | Z37: 28 | AA37: Absent | AB37: Absent | AC37: Absent | AD37: 32 | AE37: 46 | AF37: 22 | AG37: 19 | AH37: Absent | AI37: Absent | AJ37: 34 | AK37: 50 | AL37: 15 | AM37: 56 | AN37: 56 | AO37: 16 | AP37: 18 | AQ37: 16 | AR37: 86 | AS37: 24 | AT37: 14 | AU37: 34 | AV37: Absent | AW37: 20 | AX37: 16 | AY37: 20 | AZ37: 16 | BA37: 30 | BB37: 34 | BC37: 32 | BD37: 16 | BE37: 16 | BF37: 24 | BG37: 5 | BH37: 22
A38: Kanishk Singh | B38: 20 | C38: 24 | D38: 18 | E38: 30 | F38: 16 | G38: 38 | H38: 32 | I38: 16 | J38: 28 | K38: 11 | L38: 24 | M38: 26 | N38: 30 | O38: 32 | P38: 34 | Q38: 36 | R38: 14 | S38: 40 | T38: 18 | U38: 26 | V38: 32 | W38: 28 | X38: 30 | Y38: 36 | Z38: 24 | AA38: 22 | AB38: 38 | AC38: 28 | AD38: Absent | AE38: 20 | AF38: 26 | AG38: 14 | AH38: 16 | AI38: 2 | AJ38: 22 | AK38: 34 | AL38: 21 | AM38: 42 | AN38: 46 | AO38: Absent | AP38: 18 | AQ38: 24 | AR38: 62 | AS38: 30 | AT38: 18 | AU38: 23 | AV38: 22 | AW38: 16 | AX38: 20 | AY38: 24 | AZ38: Absent | BA38: Absent | BB38: Absent | BC38: Absent | BD38: Absent | BE38: Absent | BF38: Absent | BG38: 7 | BH38: Absent
A39: Kartik Gupta | B39: 24 | C39: 40 | D39: 24 | E39: 38 | F39: 40 | G39: 38 | H39: 45 | I39: 38 | J39: 34 | K39: 20 | L39: 40 | M39: 34 | N39: 38 | O39: 40 | P39: 38 | Q39: 54 | R39: 26 | S39: 56 | T39: 30 | U39: 34 | V39: 38 | W39: 38 | X39: 38 | Y39: 40 | Z39: 34 | AA39: 34 | AB39: 38 | AC39: 34 | AD39: 34 | AE39: Absent | AF39: 38 | AG39: 33 | AH39: 24 | AI39: 22 | AJ39: 38 | AK39: 48 | AL39: 35 | AM39: 46 | AN39: 56 | AO39: 40 | AP39: 45 | AQ39: 34 | AR39: 95 | AS39: 56 | AT39: 35 | AU39: 53 | AV39: 33 | AW39: 40 | AX39: 38 | AY39: 40 | AZ39: 20 | BA39: 40 | BB39: 56 | BC39: 76 | BD39: 40 | BE39: 40 | BF39: 60 | BG39: 7 | BH39: Absent
A40: Kavish Batra | B40: 20 | C40: 34 | D40: 24 | E40: 38 | F40: 40 | G40: 36 | H40: 38 | I40: 40 | J40: 30 | K40: 19 | L40: 34 | M40: 34 | N40: 36 | O40: 40 | P40: 38 | Q40: 54 | R40: 22 | S40: 52 | T40: 30 | U40: 35 | V40: 38 | W40: 40 | X40: 40 | Y40: 36 | Z40: 30 | AA40: 38 | AB40: 36 | AC40: 32 | AD40: 32 | AE40: 50 | AF40: 34 | AG40: 28 | AH40: 15 | AI40: 19 | AJ40: 34 | AK40: 48 | AL40: 32 | AM40: 52 | AN40: 56 | AO40: 38 | AP40: 42 | AQ40: 38 | AR40: 95 | AS40: 50 | AT40: 33 | AU40: 39 | AV40: 33 | AW40: 30 | AX40: 34 | AY40: 40 | AZ40: 18 | BA40: 38 | BB40: 56 | BC40: 66 | BD40: 34 | BE40: 40 | BF40: 60 | BG40: 16 | BH40: 38
A41: Keshav Gupta | B41: 24 | C41: 30 | D41: 24 | E41: 34 | F41: 34 | G41: 34 | H41: 42 | I41: 32 | J41: Absent | K41: Absent | L41: 34 | M41: 24 | N41: 28 | O41: 34 | P41: 36 | Q41: 44 | R41: 22 | S41: 46 | T41: 14 | U41: 30 | V41: 34 | W41: 36 | X41: 38 | Y41: 36 | Z41: 32 | AA41: 30 | AB41: 36 | AC41: 28 | AD41: 30 | AE41: 46 | AF41: 32 | AG41: 29 | AH41: 15 | AI41: 8 | AJ41: 34 | AK41: 46 | AL41: 32 | AM41: 56 | AN41: 52 | AO41: 34 | AP41: 29 | AQ41: 28 | AR41: 90 | AS41: 42 | AT41: 20 | AU41: 32 | AV41: Absent | AW41: 20 | AX41: 32 | AY41: 28 | AZ41: 14 | BA41: 34 | BB41: 54 | BC41: 66 | BD41: 38 | BE41: 20 | BF41: 50 | BG41: 10 | BH41: 20
A42: Krish Aggarwal | B42: 16 | C42: 38 | D42: 16 | E42: 40 | F42: 36 | G42: 34 | H42: 28 | I42: 36 | J42: Absent | K42: Absent | L42: 30 | M42: 24 | N42: 20 | O42: 40 | P42: 32 | Q42: 46 | R42: 24 | S42: 42 | T42: 24 | U42: 21 | V42: 26 | W42: 32 | X42: 40 | Y42: 36 | Z42: 22 | AA42: 20 | AB42: 34 | AC42: 24 | AD42: 20 | AE42: 28 | AF42: 26 | AG42: 35 | AH42: 21 | AI42: 10 | AJ42: 20 | AK42: 32 | AL42: 29 | AM42: 44 | AN42: 42 | AO42: Absent | AP42: 36 | AQ42: 18 | AR42: 90 | AS42: 32 | AT42: 27 | AU42: 49 | AV42: 27 | AW42: Absent | AX42: Absent | AY42: Absent | AZ42: Absent | BA42: Absent | BB42: Absent | BC42: Absent | BD42: Absent | BE42: Absent | BF42: Absent | BG42: Absent | BH42: 32
A43: Lavitra Dhawan | B43: Absent | C43: Absent | D43: Absent | E43: Absent | F43: Absent | G43: Absent | H43: Absent | I43: Absent | J43: Absent | K43: Absent | L43: Absent | M43: Absent | N43: Absent | O43: Absent | P43: Absent | Q43: Absent | R43: Absent | S43: Absent | T43: Absent | U43: Absent | V43: Absent | W43: Absent | X43: Absent | Y43: Absent | Z43: Absent | AA43: Absent | AB43: Absent | AC43: Absent | AD43: Absent | AE43: Absent | AF43: Absent | AG43: Absent | AH43: Absent | AI43: Absent | AJ43: Absent | AK43: Absent | AL43: Absent | AM43: Absent | AN43: Absent | AO43: Absent | AP43: Absent | AQ43: Absent | AR43: Absent | AS43: Absent | AT43: Absent | AU43: Absent | AV43: Absent | AW43: Absent | AX43: Absent | AY43: 16 | AZ43: 14 | BA43: 36 | BB43: 34 | BC43: 64 | BD43: 36 | BE43: 32 | BF43: 48 | BG43: 17 | BH43: 38
A44: Mahir Walia | B44: Absent | C44: Absent | D44: 16 | E44: 24 | F44: 16 | G44: 16 | H44: 18 | I44: 26 | J44: 22 | K44: 10 | L44: 18 | M44: 18 | N44: 28 | O44: 16 | P44: 22 | Q44: Absent | R44: 16 | S44: 46 | T44: 22 | U44: 28 | V44: 30 | W44: 22 | X44: 26 | Y44: 24 | Z44: 26 | AA44: 30 | AB44: 28 | AC44: 24 | AD44: 18 | AE44: 26 | AF44: 20 | AG44: 25 | AH44: 12 | AI44: 13 | AJ44: 24 | AK44: 30 | AL44: 19 | AM44: Absent | AN44: 36 | AO44: 30 | AP44: 30 | AQ44: 20 | AR44: 68 | AS44: 50 | AT44: 18 | AU44: 41 | AV44: Absent | AW44: 22 | AX44: 16 | AY44: 32 | AZ44: 16 | BA44: 32 | BB44: 44 | BC44: 58 | BD44: 26 | BE44: 34 | BF44: 48 | BG44: 9 | BH44: 26
A45: Mankirat Singh | B45: 20 | C45: 28 | D45: 24 | E45: 36 | F45: 36 | G45: 36 | H45: 36 | I45: 36 | J45: 32 | K45: 15 | L45: 40 | M45: 30 | N45: 34 | O45: 38 | P45: 36 | Q45: 50 | R45: Absent | S45: Absent | T45: 20 | U45: 30 | V45: 36 | W45: 40 | X45: 38 | Y45: 30 | Z45: 28 | AA45: 32 | AB45: 34 | AC45: 32 | AD45: 26 | AE45: Absent | AF45: Absent | AG45: Absent | AH45: 20 | AI45: 14 | AJ45: 32 | AK45: 38 | AL45: 29 | AM45: 40 | AN45: 52 | AO45: 34 | AP45: 33 | AQ45: 40 | AR45: 88 | AS45: 56 | AT45: 29 | AU45: 45 | AV45: Absent | AW45: 32 | AX45: 28 | AY45: 38 | AZ45: 16 | BA45: 40 | BB45: 56 | BC45: 72 | BD45: 38 | BE45: 40 | BF45: 58 | BG45: 16 | BH45: 36
A46: Mehar | B46: 10 | C46: 30 | D46: 24 | E46: 34 | F46: 32 | G46: 28 | H46: Absent | I46: Absent | J46: 24 | K46: 19 | L46: 28 | M46: 24 | N46: 36 | O46: 34 | P46: 36 | Q46: 54 | R46: 16 | S46: 50 | T46: 18 | U46: 34 | V46: Absent | W46: Absent | X46: Absent | Y46: Absent | Z46: 38 | AA46: 28 | AB46: 23 | AC46: 28 | AD46: 22 | AE46: 30 | AF46: 20 | AG46: 28 | AH46: 14 | AI46: 18 | AJ46: 24 | AK46: 44 | AL46: 29 | AM46: 52 | AN46: 52 | AO46: 36 | AP46: 34 | AQ46: 34 | AR46: 86 | AS46: 54 | AT46: 14 | AU46: 47 | AV46: 20 | AW46: 30 | AX46: 30 | AY46: 36 | AZ46: 18 | BA46: 36 | BB46: 50 | BC46: 52 | BD46: 30 | BE46: 38 | BF46: 42 | BG46: 17 | BH46: Absent
A47: Mukul Aggarwal | B47: 24 | C47: 40 | D47: 24 | E47: 38 | F47: 32 | G47: 34 | H47: 28 | I47: 32 | J47: 26 | K47: 19 | L47: 30 | M47: 28 | N47: 36 | O47: 38 | P47: 34 | Q47: 46 | R47: Absent | S47: Absent | T47: 16 | U47: 32 | V47: 30 | W47: Absent | X47: 34 | Y47: 36 | Z47: 32 | AA47: 30 | AB47: 36 | AC47: 36 | AD47: 29 | AE47: 44 | AF47: 26 | AG47: 28 | AH47: 19 | AI47: 12 | AJ47: 30 | AK47: 46 | AL47: 32 | AM47: 55 | AN47: 57 | AO47: 28 | AP47: 28 | AQ47: 32 | AR47: 90 | AS47: 36 | AT47: 27 | AU47: 22 | AV47: 28 | AW47: 30 | AX47: 32 | AY47: 34 | AZ47: 8 | BA47: 34 | BB47: 48 | BC47: 62 | BD47: 38 | BE47: 34 | BF47: 52 | BG47: 20 | BH47: 38
A48: Pavani | B48: Absent | C48: Absent | D48: Absent | E48: Absent | F48: Absent | G48: Absent | H48: Absent | I48: Absent | J48: Absent | K48: Absent | L48: Absent | M48: Absent | N48: Absent | O48: Absent | P48: Absent | Q48: Absent | R48: Absent | S48: Absent | T48: Absent | U48: Absent | V48: Absent | W48: Absent | X48: Absent | Y48: Absent | Z48: Absent | AA48: 14 | AB48: 34 | AC48: 32 | AD48: 30 | AE48: 40 | AF48: 30 | AG48: 24 | AH48: 16 | AI48: 6 | AJ48: 34 | AK48: 46 | AL48: 32 | AM48: 48 | AN48: 54 | AO48: Absent | AP48: 18 | AQ48: 40 | AR48: 80 | AS48: 46 | AT48: Absent | AU48: 39 | AV48: Absent | AW48: 38 | AX48: 32 | AY48: 36 | AZ48: 20 | BA48: 34 | BB48: 58 | BC48: 76 | BD48: 36 | BE48: 40 | BF48: 58 | BG48: 18 | BH48: Absent
A49: Pavika Dhiman | B49: Absent | C49: Absent | D49: Absent | E49: Absent | F49: Absent | G49: Absent | H49: Absent | I49: Absent | J49: Absent | K49: Absent | L49: Absent | M49: Absent | N49: Absent | O49: Absent | P49: Absent | Q49: Absent | R49: Absent | S49: Absent | T49: Absent | U49: Absent | V49: Absent | W49: Absent | X49: Absent | Y49: Absent | Z49: Absent | AA49: Absent | AB49: Absent | AC49: Absent | AD49: Absent | AE49: Absent | AF49: Absent | AG49: Absent | AH49: Absent | AI49: Absent | AJ49: Absent | AK49: Absent | AL49: Absent | AM49: Absent | AN49: Absent | AO49: Absent | AP49: 18 | AQ49: 16 | AR49: 38 | AS49: 24 | AT49: 14 | AU49: 22 | AV49: 14 | AW49: 16 | AX49: 16 | AY49: 16 | AZ49: 8 | BA49: 16 | BB49: 24 | BC49: 32 | BD49: 16 | BE49: 16 | BF49: 24 | BG49: 5 | BH49: 16
A50: Prasham Jain. | B50: 14 | C50: 20 | D50: 24 | E50: 36 | F50: 36 | G50: 38 | H50: 40 | I50: 38 | J50: 30 | K50: 18 | L50: 38 | M50: 34 | N50: 36 | O50: 38 | P50: 38 | Q50: 48 | R50: 28 | S50: 56 | T50: 30 | U50: 35 | V50: 38 | W50: 36 | X50: Absent | Y50: Absent | Z50: 40 | AA50: 34 | AB50: 34 | AC50: 32 | AD50: 32 | AE50: 46 | AF50: Absent | AG50: Absent | AH50: 23 | AI50: 17 | AJ50: Absent | AK50: Absent | AL50: Absent | AM50: Absent | AN50: Absent | AO50: Absent | AP50: 30 | AQ50: 38 | AR50: 84 | AS50: 54 | AT50: 25 | AU50: 47 | AV50: 35 | AW50: 32 | AX50: 36 | AY50: 34 | AZ50: 20 | BA50: 38 | BB50: 60 | BC50: 72 | BD50: 40 | BE50: 36 | BF50: 60 | BG50: 17 | BH50: 36
A51: Radhika Namdev | B51: 16 | C51: 20 | D51: 24 | E51: 24 | F51: 24 | G51: 34 | H51: 34 | I51: 16 | J51: 32 | K51: 19 | L51: 18 | M51: 30 | N51: 36 | O51: 32 | P51: 34 | Q51: 44 | R51: 14 | S51: 50 | T51: 18 | U51: 26 | V51: 32 | W51: 28 | X51: 26 | Y51: 32 | Z51: 32 | AA51: 30 | AB51: 31 | AC51: 28 | AD51: 20 | AE51: 20 | AF51: 24 | AG51: 25 | AH51: 8 | AI51: 13 | AJ51: 24 | AK51: 38 | AL51: 32 | AM51: 46 | AN51: 48 | AO51: 30 | AP51: 35 | AQ51: 22 | AR51: 84 | AS51: 44 | AT51: 27 | AU51: 32 | AV51: 24 | AW51: 26 | AX51: 26 | AY51: 28 | AZ51: 18 | BA51: 36 | BB51: 52 | BC51: 64 | BD51: 36 | BE51: 30 | BF51: 48 | BG51: 18 | BH51: 34
A52: Raghav Chadha | B52: 20 | C52: 26 | D52: 20 | E52: 40 | F52: 34 | G52: 38 | H52: 40 | I52: 34 | J52: 24 | K52: 15 | L52: 22 | M52: 14 | N52: 32 | O52: 34 | P52: 34 | Q52: 26 | R52: 20 | S52: 53 | T52: 22 | U52: 31 | V52: 34 | W52: 34 | X52: 36 | Y52: 38 | Z52: 30 | AA52: 24 | AB52: 36 | AC52: 30 | AD52: 14 | AE52: 28 | AF52: 28 | AG52: 22 | AH52: 16 | AI52: 12 | AJ52: 16 | AK52: 24 | AL52: 29 | AM52: 30 | AN52: 34 | AO52: 34 | AP52: 28 | AQ52: 32 | AR52: 78 | AS52: 38 | AT52: 31 | AU52: 29 | AV52: 33 | AW52: 16 | AX52: 26 | AY52: 30 | AZ52: 20 | BA52: 36 | BB52: 52 | BC52: 58 | BD52: 36 | BE52: 30 | BF52: 50 | BG52: 2 | BH52: 30
A53: Ridhaan Mittal | B53: 22 | C53: 20 | D53: 24 | E53: 30 | F53: 36 | G53: 32 | H53: 20 | I53: 36 | J53: 26 | K53: 6 | L53: 20 | M53: 28 | N53: 36 | O53: 38 | P53: 32 | Q53: 24 | R53: Absent | S53: Absent | T53: 16 | U53: 30 | V53: 26 | W53: 28 | X53: 30 | Y53: 25 | Z53: 18 | AA53: 32 | AB53: 32 | AC53: 26 | AD53: 14 | AE53: 20 | AF53: 30 | AG53: 14 | AH53: 4 | AI53: 10 | AJ53: 36 | AK53: 30 | AL53: 29 | AM53: 46 | AN53: Absent | AO53: 28 | AP53: 28 | AQ53: 16 | AR53: 78 | AS53: 28 | AT53: 19 | AU53: 30 | AV53: Absent | AW53: 22 | AX53: 24 | AY53: 26 | AZ53: 20 | BA53: 38 | BB53: 44 | BC53: 56 | BD53: 34 | BE53: 18 | BF53: 52 | BG53: Absent | BH53: 32
A54: Ridhi Goyal | B54: 24 | C54: 40 | D54: 22 | E54: 40 | F54: 38 | G54: 36 | H54: 42 | I54: 36 | J54: Absent | K54: Absent | L54: 38 | M54: 30 | N54: 36 | O54: 40 | P54: 38 | Q54: 54 | R54: 28 | S54: 54 | T54: 24 | U54: 34 | V54: 38 | W54: 38 | X54: 40 | Y54: 36 | Z54: 38 | AA54: 38 | AB54: 38 | AC54: 36 | AD54: 34 | AE54: 50 | AF54: 36 | AG54: 33 | AH54: 16 | AI54: 25 | AJ54: 36 | AK54: 50 | AL54: 35 | AM54: 56 | AN54: 56 | AO54: Absent | AP54: 40 | AQ54: 40 | AR54: 95 | AS54: 52 | AT54: 29 | AU54: 51 | AV54: 33 | AW54: 36 | AX54: 38 | AY54: 32 | AZ54: 20 | BA54: 40 | BB54: 58 | BC54: 72 | BD54: 36 | BE54: 32 | BF54: 60 | BG54: 18 | BH54: 40
A55: Ridhi Gupta | B55: Absent | C55: Absent | D55: Absent | E55: Absent | F55: 32 | G55: 16 | H55: 18 | I55: 34 | J55: 26 | K55: 19 | L55: 20 | M55: 24 | N55: 32 | O55: 30 | P55: 22 | Q55: 44 | R55: Absent | S55: Absent | T55: 24 | U55: 20 | V55: 32 | W55: 18 | X55: 24 | Y55: 36 | Z55: 16 | AA55: 28 | AB55: 36 | AC55: 28 | AD55: 14 | AE55: 22 | AF55: Absent | AG55: Absent | AH55: 23 | AI55: 15 | AJ55: 22 | AK55: 20 | AL55: 29 | AM55: 40 | AN55: 48 | AO55: 28 | AP55: 20 | AQ55: 30 | AR55: 42 | AS55: Absent | AT55: Absent | AU55: 35 | AV55: 18 | AW55: 26 | AX55: 30 | AY55: 30 | AZ55: Absent | BA55: Absent | BB55: Absent | BC55: Absent | BD55: Absent | BE55: Absent | BF55: Absent | BG55: Absent | BH55: Absent
A56: Rudra Sharma | B56: 16 | C56: 22 | D56: 22 | E56: 26 | F56: 28 | G56: 40 | H56: 34 | I56: 24 | J56: 30 | K56: 13 | L56: 32 | M56: 28 | N56: 34 | O56: 28 | P56: 34 | Q56: 42 | R56: 22 | S56: 23 | T56: 18 | U56: 26 | V56: 30 | W56: Absent | X56: 32 | Y56: 32 | Z56: 28 | AA56: 32 | AB56: 36 | AC56: 26 | AD56: 14 | AE56: 20 | AF56: 16 | AG56: 26 | AH56: 14 | AI56: 20 | AJ56: 16 | AK56: 38 | AL56: 29 | AM56: 42 | AN56: 50 | AO56: 38 | AP56: 44 | AQ56: 30 | AR56: 80 | AS56: 38 | AT56: 27 | AU56: 51 | AV56: 33 | AW56: 32 | AX56: 28 | AY56: 32 | AZ56: 18 | BA56: 36 | BB56: 46 | BC56: 60 | BD56: 38 | BE56: 34 | BF56: 24 | BG56: 19 | BH56: Absent
A57: Rushita gulati | B57: 24 | C57: 30 | D57: 24 | E57: 32 | F57: 20 | G57: 32 | H57: 32 | I57: 34 | J57: 24 | K57: 10 | L57: 24 | M57: 26 | N57: 24 | O57: 38 | P57: 32 | Q57: 40 | R57: 18 | S57: 44 | T57: 20 | U57: 35 | V57: 34 | W57: 28 | X57: 30 | Y57: 26 | Z57: 26 | AA57: 30 | AB57: 32 | AC57: 24 | AD57: Absent | AE57: 34 | AF57: 30 | AG57: 20 | AH57: 16 | AI57: 11 | AJ57: 38 | AK57: 42 | AL57: 21 | AM57: 34 | AN57: 46 | AO57: 28 | AP57: 34 | AQ57: 28 | AR57: 68 | AS57: 36 | AT57: 16 | AU57: 34 | AV57: 22 | AW57: 26 | AX57: 28 | AY57: Absent | AZ57: 16 | BA57: 24 | BB57: 40 | BC57: 60 | BD57: 28 | BE57: 20 | BF57: 48 | BG57: Absent | BH57: Absent
A58: Saanvi Jain | B58: Absent | C58: Absent | D58: Absent | E58: Absent | F58: Absent | G58: Absent | H58: Absent | I58: Absent | J58: Absent | K58: Absent | L58: Absent | M58: Absent | N58: Absent | O58: Absent | P58: Absent | Q58: Absent | R58: Absent | S58: Absent | T58: Absent | U58: Absent | V58: 34 | W58: 28 | X58: 32 | Y58: 30 | Z58: 22 | AA58: 28 | AB58: 36 | AC58: 28 | AD58: 32 | AE58: 22 | AF58: 28 | AG58: 31 | AH58: 21 | AI58: 9 | AJ58: 30 | AK58: 32 | AL58: 29 | AM58: 46 | AN58: 50 | AO58: 36 | AP58: 34 | AQ58: 22 | AR58: 74 | AS58: 32 | AT58: 24 | AU58: 38 | AV58: 28 | AW58: 26 | AX58: 16 | AY58: 26 | AZ58: 20 | BA58: 38 | BB58: 60 | BC58: 68 | BD58: 34 | BE58: 36 | BF58: 52 | BG58: 17 | BH58: 36
A59: Saanvi Sharma | B59: 18 | C59: 34 | D59: 20 | E59: 38 | F59: 36 | G59: 36 | H59: 40 | I59: 36 | J59: 30 | K59: 20 | L59: 34 | M59: 32 | N59: 38 | O59: 38 | P59: 34 | Q59: 32 | R59: 24 | S59: 46 | T59: 24 | U59: 34 | V59: 32 | W59: 34 | X59: 32 | Y59: 34 | Z59: 30 | AA59: 36 | AB59: Absent | AC59: 32 | AD59: 32 | AE59: 40 | AF59: 30 | AG59: 35 | AH59: 25 | AI59: 18 | AJ59: 30 | AK59: 38 | AL59: 24 | AM59: 48 | AN59: 54 | AO59: 40 | AP59: 45 | AQ59: 36 | AR59: 90 | AS59: 40 | AT59: 24 | AU59: 47 | AV59: 31 | AW59: 34 | AX59: 36 | AY59: 38 | AZ59: Absent | BA59: Absent | BB59: Absent | BC59: Absent | BD59: Absent | BE59: Absent | BF59: Absent | BG59: 13 | BH59: Absent
A60: Sarthak Sharma | B60: Absent | C60: Absent | D60: 20 | E60: 30 | F60: 18 | G60: 18 | H60: 18 | I60: 16 | J60: 14 | K60: 15 | L60: 16 | M60: 18 | N60: 18 | O60: 24 | P60: 22 | Q60: 24 | R60: 14 | S60: 48 | T60: 24 | U60: 26 | V60: Absent | W60: 38 | X60: 26 | Y60: 19 | Z60: 20 | AA60: 26 | AB60: Absent | AC60: 30 | AD60: 32 | AE60: 42 | AF60: 34 | AG60: 24 | AH60: 19 | AI60: 8 | AJ60: 30 | AK60: 42 | AL60: 26 | AM60: 46 | AN60: 46 | AO60: 16 | AP60: 45 | AQ60: 36 | AR60: 90 | AS60: 50 | AT60: 28 | AU60: 53 | AV60: Absent | AW60: Absent | AX60: Absent | AY60: Absent | AZ60: 18 | BA60: 26 | BB60: 44 | BC60: 72 | BD60: 28 | BE60: 24 | BF60: 28 | BG60: Absent | BH60: 20
A61: Shivansh goel | B61: 12 | C61: 30 | D61: 22 | E61: 34 | F61: 24 | G61: 24 | H61: 28 | I61: 26 | J61: 26 | K61: 18 | L61: 24 | M61: 32 | N61: 34 | O61: 36 | P61: 28 | Q61: 24 | R61: 18 | S61: 34 | T61: 20 | U61: 22 | V61: 34 | W61: 24 | X61: Absent | Y61: Absent | Z61: 28 | AA61: 28 | AB61: 25 | AC61: 26 | AD61: Absent | AE61: 22 | AF61: 30 | AG61: 26 | AH61: 18 | AI61: 6 | AJ61: 26 | AK61: 40 | AL61: 23 | AM61: 48 | AN61: 46 | AO61: 28 | AP61: 8 | AQ61: 30 | AR61: 78 | AS61: 38 | AT61: Absent | AU61: 29 | AV61: 20 | AW61: 20 | AX61: 28 | AY61: 20 | AZ61: 12 | BA61: 25 | BB61: 40 | BC61: 30 | BD61: 15 | BE61: 15 | BF61: 20 | BG61: 14 | BH61: Absent
A62: Shreya Jain | B62: 22 | C62: 26 | D62: 24 | E62: 38 | F62: 34 | G62: 32 | H62: 38 | I62: 30 | J62: 28 | K62: 18 | L62: 32 | M62: 30 | N62: 36 | O62: 16 | P62: 34 | Q62: 48 | R62: 22 | S62: 52 | T62: 24 | U62: 35 | V62: 32 | W62: 38 | X62: 40 | Y62: 36 | Z62: 32 | AA62: 38 | AB62: 36 | AC62: 36 | AD62: Absent | AE62: 42 | AF62: 38 | AG62: 33 | AH62: 25 | AI62: 19 | AJ62: 36 | AK62: 48 | AL62: 35 | AM62: 54 | AN62: 60 | AO62: Absent | AP62: 42 | AQ62: 40 | AR62: 88 | AS62: 52 | AT62: 29 | AU62: Absent | AV62: Absent | AW62: 30 | AX62: 34 | AY62: 34 | AZ62: 20 | BA62: 40 | BB62: 60 | BC62: 68 | BD62: 38 | BE62: 38 | BF62: 58 | BG62: 16 | BH62: Absent
A63: Tanmay Gupta | B63: 12 | C63: 38 | D63: 20 | E63: 36 | F63: 38 | G63: 32 | H63: 34 | I63: 36 | J63: Absent | K63: Absent | L63: 22 | M63: 32 | N63: 38 | O63: 40 | P63: 30 | Q63: 44 | R63: Absent | S63: Absent | T63: 28 | U63: 20 | V63: 30 | W63: Absent | X63: Absent | Y63: Absent | Z63: 30 | AA63: 32 | AB63: 34 | AC63: 30 | AD63: 16 | AE63: 34 | AF63: Absent | AG63: Absent | AH63: 25 | AI63: 10 | AJ63: 28 | AK63: 38 | AL63: 27 | AM63: 50 | AN63: 52 | AO63: 20 | AP63: 25 | AQ63: 32 | AR63: 78 | AS63: 34 | AT63: 25 | AU63: 40 | AV63: 24 | AW63: 32 | AX63: 26 | AY63: 30 | AZ63: 18 | BA63: 40 | BB63: 54 | BC63: 64 | BD63: 34 | BE63: 32 | BF63: 52 | BG63: 16 | BH63: Absent
A64: Trisha Soni | B64: 22 | C64: 38 | D64: 24 | E64: 36 | F64: 40 | G64: 36 | H64: 34 | I64: 40 | J64: 34 | K64: 18 | L64: 34 | M64: 28 | N64: 38 | O64: 38 | P64: 38 | Q64: 52 | R64: 20 | S64: 50 | T64: 28 | U64: 35 | V64: 36 | W64: 36 | X64: 36 | Y64: 38 | Z64: 28 | AA64: Absent | AB64: Absent | AC64: Absent | AD64: Absent | AE64: Absent | AF64: Absent | AG64: Absent | AH64: Absent | AI64: Absent | AJ64: 36 | AK64: 40 | AL64: 30 | AM64: 54 | AN64: 58 | AO64: 34 | AP64: 30 | AQ64: 30 | AR64: 74 | AS64: 56 | AT64: 35 | AU64: 45 | AV64: 35 | AW64: Absent | AX64: Absent | AY64: Absent | AZ64: Absent | BA64: Absent | BB64: Absent | BC64: Absent | BD64: Absent | BE64: Absent | BF64: Absent | BG64: Absent | BH64: 26
A65: Vedant Vashishat | B65: 16 | C65: 22 | D65: 20 | E65: 36 | F65: 34 | G65: Absent | H65: 30 | I65: 36 | J65: 24 | K65: 16 | L65: 18 | M65: 24 | N65: 28 | O65: 38 | P65: 34 | Q65: 24 | R65: 22 | S65: 36 | T65: 28 | U65: 26 | V65: Absent | W65: Absent | X65: 22 | Y65: 26 | Z65: 20 | AA65: 30 | AB65: 34 | AC65: 24 | AD65: 20 | AE65: 20 | AF65: 22 | AG65: 33 | AH65: 20 | AI65: 9 | AJ65: Absent | AK65: Absent | AL65: Absent | AM65: 48 | AN65: 50 | AO65: 32 | AP65: 44 | AQ65: 24 | AR65: 90 | AS65: 46 | AT65: 24 | AU65: 49 | AV65: Absent | AW65: 32 | AX65: 34 | AY65: 38 | AZ65: Absent | BA65: Absent | BB65: Absent | BC65: Absent | BD65: Absent | BE65: Absent | BF65: Absent | BG65: 7 | BH65: 34
A66: Vinayak Bakshi | B66: Absent | C66: Absent | D66: Absent | E66: Absent | F66: Absent | G66: Absent | H66: Absent | I66: Absent | J66: Absent | K66: Absent | L66: Absent | M66: Absent | N66: Absent | O66: Absent | P66: Absent | Q66: Absent | R66: Absent | S66: Absent | T66: Absent | U66: Absent | V66: 26 | W66: 20 | X66: 24 | Y66: 30 | Z66: 24 | AA66: 20 | AB66: 30 | AC66: 15 | AD66: Absent | AE66: 20 | AF66: Absent | AG66: Absent | AH66: 14 | AI66: 7 | AJ66: 16 | AK66: 20 | AL66: 23 | AM66: 30 | AN66: Absent | AO66: 16 | AP66: 18 | AQ66: 26 | AR66: 46 | AS66: 24 | AT66: 14 | AU66: Absent | AV66: 20 | AW66: 16 | AX66: 16 | AY66: Absent | AZ66: 8 | BA66: 20 | BB66: 40 | BC66: 36 | BD66: 30 | BE66: 12 | BF66: 30 | BG66: Absent | BH66: Absent
A67: Vridhi | B67: 20 | C67: 16 | D67: 20 | E67: 28 | F67: 28 | G67: 36 | H67: 40 | I67: 32 | J67: 28 | K67: 17 | L67: 20 | M67: 24 | N67: 34 | O67: 36 | P67: 34 | Q67: 52 | R67: Absent | S67: Absent | T67: 22 | U67: 32 | V67: 32 | W67: 32 | X67: 38 | Y67: 36 | Z67: 30 | AA67: Absent | AB67: Absent | AC67: Absent | AD67: Absent | AE67: Absent | AF67: 28 | AG67: 24 | AH67: Absent | AI67: Absent | AJ67: 20 | AK67: 22 | AL67: 26 | AM67: 38 | AN67: 50 | AO67: 30 | AP67: 39 | AQ67: 22 | AR67: 82 | AS67: 50 | AT67: 16 | AU67: 46 | AV67: 26 | AW67: 34 | AX67: 32 | AY67: 36 | AZ67: 12 | BA67: 40 | BB67: 54 | BC67: 60 | BD67: 30 | BE67: 34 | BF67: 54 | BG67: 18 | BH67: 36

Sheet Chapters
A1: Chapters
A2: Orienting Yourself: The Use of Coordinates
A3: Introduction to Linear Polynomials
A4: The World of Numbers
A5: Exploring Algebraic Identities
A6: I’m Up and Down, and Round and Round
A7: Measuring Space: Perimeter and Area
A8: The Mathematics of Maybe: Introduction to Probability
A9: Predicting What Comes Next: Exploring Sequences and Progression
A10: Maths Full Syllabus
A11: Exploration: Entering the World of Secondary Science
A12: Cell: The Building Block of Life
... A24: Science Full Syllabus

Sheet Whatsapp Scores Notification Sh
C1: 📊 Dashboard | D1: Whatsapp Send Button
C2: Dashboard Link | D2: =RawData!$A2 -> Date | E2: =RawData!B2 -> 46118 | F2: =RawData!C2 -> 46118 | G2: =RawData!D2 -> 46120.727 | H2: =RawData!E2 -> 46120 | I2: =RawData!F2 -> 46120 | J2: =RawData!G2 -> 46121 | K2: =RawData!H2 -> 46122 | L2: =RawData!I2 -> 46122 | ... KS2: =RawData!KP2
C3: Student Dashboard | D3: =RawData!$A3 -> Subject | E3: =RawData!B3 -> Science | F3: =RawData!C3 -> Maths | G3: =RawData!D3 -> Science | H3: =RawData!E3 -> Maths | I3: =RawData!F3 -> Maths | J3: =RawData!G3 -> Science | K3: =RawData!H3 -> Science | L3: =RawData!I3 -> Maths | ... KS3: =RawData!KP3
C4: Looker Studio | D4: =RawData!$A4 -> Total Marks | E4: =RawData!B4 -> 24 | F4: =RawData!C4 -> 40 | G4: =RawData!D4 -> 24 | H4: =RawData!E4 -> 40 | I4: =RawData!F4 -> 40 | J4: =RawData!G4 -> 40 | K4: =RawData!H4 -> 45 | L4: =RawData!I4 -> 40 | ... KS4: =RawData!KP4
A5: Parent Name | B5: Phone Number | C5: Dashboard Link | D5: =RawData!$A5 -> Topic Name | E5: =RawData!B5 -> Cell: The Building Block of Life | F5: =RawData!C5 -> Orienting Yourself: The Use of Coordinates | G5: =RawData!D5 -> Cell: The Building Block of Life | H5: =RawData!E5 -> Orienting Yourself: The Use of Coordinates | I5: =RawData!F5 -> Orienting Yourself: The Use of Coordinates | J5: =RawData!G5 -> Cell: The Building Block of Life | K5: =RawData!H5 -> Cell: The Building Block of Life | L5: =RawData!I5 -> Orienting Yourself: The Use of Coordinates | ... AP5: =RawData!AM5 -> Cell: The Building Block of Life | AQ5: Cell: The Building Block of Life | AR5: =RawData!AO5 -> Describing Motion Around Us | AS5: =RawData!AP5 -> Describing Motion Around Us | AT5: =RawData!AQ5 -> Exploring Mixtures and their Separation | AU5: =RawData!AR5 -> Cell: The Building Block of Life | AV5: =RawData!AS5 -> Exploring Mixtures and their Separation | AW5: =RawData!AT5 -> The World of Numbers | AX5: =RawData!AU5 -> Describing Motion Around Us | AY5: =RawData!AV5 -> The World of Numbers | AZ5: =RawData!AW5 -> Describing Motion Around Us | BA5: The World of Numbers | BB5: Describing Motion Around Us | BC5: =RawData!AZ5 -> Measuring Space: Perimeter and Area | BD5: =RawData!BA5 -> Introduction to Linear Polynomials | BE5: =RawData!BB5 -> The World of Numbers | BF5: =RawData!BC5 -> Cell: The Building Block of Life | BG5: =RawData!BD5 -> Orienting Yourself: The Use of Coordinates | BH5: =RawData!BE5 -> Exploring Mixtures and their Separation | BI5: =RawData!BF5 -> Describing Motion Around Us | BJ5: =RawData!BG5 -> Describing Motion Around Us | ... KS5: =RawData!KP5
A6: Mr. Nitin Aggarwal | B6: 9416177674 | C6: https://lookerstudio.google.com/reporting/b56c7bd8-a855-4974-8118-cd4cd2779f96 | D6: =INDIRECT("RawData!"&ADDRESS(ROW(),1)) -> Aabhav Aggarwal | E6: =INDIRECT("RawData!"&ADDRESS(ROW(),COLUMN()-3)) -> 20 | F6: =INDIRECT("RawData!"&ADDRESS(ROW(),COLUMN()-3)) -> 40 | G6: =INDIRECT("RawData!"&ADDRESS(ROW(),COLUMN()-3)) -> 22 | H6: =INDIRECT("RawData!"&ADDRESS(ROW(),COLUMN()-3)) -> 38 | I6: =INDIRECT("RawData!"&ADDRESS(ROW(),COLUMN()-3)) -> 34 | J6: =INDIRECT("RawData!"&ADDRESS(ROW(),COLUMN()-3)) -> 36 | K6: =INDIRECT("RawData!"&ADDRESS(ROW(),COLUMN()-3)) -> 38 | L6: =INDIRECT("RawData!"&ADDRESS(ROW(),COLUMN()-3)) -> 36 | ... KS6: =INDIRECT("RawData!"&ADDRESS(ROW(),COLUMN()-3))
A7: Mrs. Mukta Aggarwal | B7: 9896191613 | C7: https://datastudio.google.com/reporting/99cfe018-ad13-4ca2-b779-0529def9eee8 | D7: =INDIRECT("RawData!"&ADDRESS(ROW(),1)) -> Aanya Aggarwal | E7: =INDIRECT("RawData!"&ADDRESS(ROW(),COLUMN()-3)) -> Absent | F7: =INDIRECT("RawData!"&ADDRESS(ROW(),COLUMN()-3)) -> Absent | G7: =INDIRECT("RawData!"&ADDRESS(ROW(),COLUMN()-3)) -> Absent | H7: =INDIRECT("RawData!"&ADDRESS(ROW(),COLUMN()-3)) -> Absent | I7: =INDIRECT("RawData!"&ADDRESS(ROW(),COLUMN()-3)) -> Absent | J7: =INDIRECT("RawData!"&ADDRESS(ROW(),COLUMN()-3)) -> 30 | K7: =INDIRECT("RawData!"&ADDRESS(ROW(),COLUMN()-3)) -> 32 | L7: =INDIRECT("RawData!"&ADDRESS(ROW(),COLUMN()-3)) -> 26 | ... KS7: =INDIRECT("RawData!"&ADDRESS(ROW(),COLUMN()-3))
A8: Mrs. Rini Bansal | B8: 9812955220 | C8: https://datastudio.google.com/reporting/8e503f98-b9ea-4967-90be-a092944aa9df | D8: =INDIRECT("RawData!"&ADDRESS(ROW(),1)) -> Aarav Bansal | E8: =INDIRECT("RawData!"&ADDRESS(ROW(),COLUMN()-3)) -> 22 | F8: =INDIRECT("RawData!"&ADDRESS(ROW(),COLUMN()-3)) -> 38 | G8: =INDIRECT("RawData!"&ADDRESS(ROW(),COLUMN()-3)) -> 24 | H8: =INDIRECT("RawData!"&ADDRESS(ROW(),COLUMN()-3)) -> 40 | I8: =INDIRECT("RawData!"&ADDRESS(ROW(),COLUMN()-3)) -> 38 | J8: =INDIRECT("RawData!"&ADDRESS(ROW(),COLUMN()-3)) -> 38 | K8: =INDIRECT("RawData!"&ADDRESS(ROW(),COLUMN()-3)) -> 44 | L8: =INDIRECT("RawData!"&ADDRESS(ROW(),COLUMN()-3)) -> 38 | ... KS8: =INDIRECT("RawData!"&ADDRESS(ROW(),COLUMN()-3))
A9: Mrs. Vandana Gupta | B9: 9416269340 | C9: https://datastudio.google.com/reporting/f1d358de-316e-4db3-ba17-69658dc445d0 | D9: =INDIRECT("RawData!"&ADDRESS(ROW(),1)) -> Aashi Gupta | E9: =INDIRECT("RawData!"&ADDRESS(ROW(),COLUMN()-3)) -> 22 | F9: =INDIRECT("RawData!"&ADDRESS(ROW(),COLUMN()-3)) -> 22 | G9: =INDIRECT("RawData!"&ADDRESS(ROW(),COLUMN()-3)) -> 22 | H9: =INDIRECT("RawData!"&ADDRESS(ROW(),COLUMN()-3)) -> 32 | I9: =INDIRECT("RawData!"&ADDRESS(ROW(),COLUMN()-3)) -> 32 | J9: =INDIRECT("RawData!"&ADDRESS(ROW(),COLUMN()-3)) -> 38 | K9: =INDIRECT("RawData!"&ADDRESS(ROW(),COLUMN()-3)) -> 38 | L9: =INDIRECT("RawData!"&ADDRESS(ROW(),COLUMN()-3)) -> 32 | ... KS9: =INDIRECT("RawData!"&ADDRESS(ROW(),COLUMN()-3))
A10: Mrs. Anu Maken | B10: 9728186516 | C10: https://datastudio.google.com/reporting/430d10b0-8a9e-4805-a87a-c155c302d8bb | D10: =INDIRECT("RawData!"&ADDRESS(ROW(),1)) -> Aashray Maken | E10: =INDIRECT("RawData!"&ADDRESS(ROW(),COLUMN()-3)) -> 14 | F10: =INDIRECT("RawData!"&ADDRESS(ROW(),COLUMN()-3)) -> 30 | G10: =INDIRECT("RawData!"&ADDRESS(ROW(),COLUMN()-3)) -> 18 | H10: =INDIRECT("RawData!"&ADDRESS(ROW(),COLUMN()-3)) -> 28 | I10: =INDIRECT("RawData!"&ADDRESS(ROW(),COLUMN()-3)) -> 20 | J10: =INDIRECT("RawData!"&ADDRESS(ROW(),COLUMN()-3)) -> 18 | K10: =INDIRECT("RawData!"&ADDRESS(ROW(),COLUMN()-3)) -> 30 | L10: =INDIRECT("RawData!"&ADDRESS(ROW(),COLUMN()-3)) -> 30 | ... KS10: =INDIRECT("RawData!"&ADDRESS(ROW(),COLUMN()-3))
A11: Mrs. Aarti Kataria | B11: 9896032633 | C11: https://datastudio.google.com/reporting/8b30ca8a-06b4-450a-ba8e-70395a0d54ee | D11: =INDIRECT("RawData!"&ADDRESS(ROW(),1)) -> Adaa Kataria | E11: =INDIRECT("RawData!"&ADDRESS(ROW(),COLUMN()-3)) -> Absent | F11: =INDIRECT("RawData!"&ADDRESS(ROW(),COLUMN()-3)) -> Absent | G11: =INDIRECT("RawData!"&ADDRESS(ROW(),COLUMN()-3)) -> Absent | H11: =INDIRECT("RawData!"&ADDRESS(ROW(),COLUMN()-3)) -> Absent | I11: =INDIRECT("RawData!"&ADDRESS(ROW(),COLUMN()-3)) -> Absent | J11: =INDIRECT("RawData!"&ADDRESS(ROW(),COLUMN()-3)) -> Absent | K11: =INDIRECT("RawData!"&ADDRESS(ROW(),COLUMN()-3)) -> Absent | L11: =INDIRECT("RawData!"&ADDRESS(ROW(),COLUMN()-3)) -> Absent | ... KS11: =INDIRECT("RawData!"&ADDRESS(ROW(),COLUMN()-3))
A12: Mrs. Shilpi Dhall | B12: 9466854020 | C12: https://lookerstudio.google.com/reporting/7043de87-8507-4587-8f60-5206dc75b4c3 | D12: =INDIRECT("RawData!"&ADDRESS(ROW(),1)) -> Adhiraj Dhall | E12: =INDIRECT("RawData!"&ADDRESS(ROW(),COLUMN()-3)) -> 22 | F12: =INDIRECT("RawData!"&ADDRESS(ROW(),COLUMN()-3)) -> 40 | G12: =INDIRECT("RawData!"&ADDRESS(ROW(),COLUMN()-3)) -> 22 | H12: =INDIRECT("RawData!"&ADDRESS(ROW(),COLUMN()-3)) -> 36 | I12: =INDIRECT("RawData!"&ADDRESS(ROW(),COLUMN()-3)) -> 40 | J12: =INDIRECT("RawData!"&ADDRESS(ROW(),COLUMN()-3)) -> 36 | K12: =INDIRECT("RawData!"&ADDRESS(ROW(),COLUMN()-3)) -> 34 | L12: =INDIRECT("RawData!"&ADDRESS(ROW(),COLUMN()-3)) -> 38 | ... KS12: =INDIRECT("RawData!"&ADDRESS(ROW(),COLUMN()-3))
A13: Mrs. Harpreet kaur | B13: 8684822185 | C13: https://datastudio.google.com/reporting/14a275f8-cf2d-4315-a83f-56a8c4b09f38 | D13: =INDIRECT("RawData!"&ADDRESS(ROW(),1)) -> Agamya Saini | E13: =INDIRECT("RawData!"&ADDRESS(ROW(),COLUMN()-3)) -> Absent | F13: =INDIRECT("RawData!"&ADDRESS(ROW(),COLUMN()-3)) -> Absent | G13: =INDIRECT("RawData!"&ADDRESS(ROW(),COLUMN()-3)) -> Absent | H13: =INDIRECT("RawData!"&ADDRESS(ROW(),COLUMN()-3)) -> Absent | I13: =INDIRECT("RawData!"&ADDRESS(ROW(),COLUMN()-3)) -> Absent | J13: =INDIRECT("RawData!"&ADDRESS(ROW(),COLUMN()-3)) -> Absent | K13: =INDIRECT("RawData!"&ADDRESS(ROW(),COLUMN()-3)) -> Absent | L13: =INDIRECT("RawData!"&ADDRESS(ROW(),COLUMN()-3)) -> Absent | ... KS13: =INDIRECT("RawData!"&ADDRESS(ROW(),COLUMN()-3))
A14: Mrs. Aarti Singh | B14: 7206249087 | C14: https://lookerstudio.google.com/reporting/6ae07695-7c18-45ce-8bcb-ff42d20c5c64 | D14: =INDIRECT("RawData!"&ADDRESS(ROW(),1)) -> Akshat Singh | E14: =INDIRECT("RawData!"&ADDRESS(ROW(),COLUMN()-3)) -> 22 | F14: =INDIRECT("RawData!"&ADDRESS(ROW(),COLUMN()-3)) -> 40 | G14: =INDIRECT("RawData!"&ADDRESS(ROW(),COLUMN()-3)) -> 24 | H14: =INDIRECT("RawData!"&ADDRESS(ROW(),COLUMN()-3)) -> 34 | I14: =INDIRECT("RawData!"&ADDRESS(ROW(),COLUMN()-3)) -> 16 | J14: =INDIRECT("RawData!"&ADDRESS(ROW(),COLUMN()-3)) -> 36 | K14: =INDIRECT("RawData!"&ADDRESS(ROW(),COLUMN()-3)) -> 36 | L14: =INDIRECT("RawData!"&ADDRESS(ROW(),COLUMN()-3)) -> 32 | ... KS14: =INDIRECT("RawData!"&ADDRESS(ROW(),COLUMN()-3))
A15: Mr. Amit Goel | B15: 9541222211 | C15: https://lookerstudio.google.com/reporting/2a2879dc-c53b-4f71-af35-efb10d702071 | D15: =INDIRECT("RawData!"&ADDRESS(ROW(),1)) -> Ameya Goel | E15: =INDIRECT("RawData!"&ADDRESS(ROW(),COLUMN()-3)) -> Absent | F15: =INDIRECT("RawData!"&ADDRESS(ROW(),COLUMN()-3)) -> Absent | G15: =INDIRECT("RawData!"&ADDRESS(ROW(),COLUMN()-3)) -> Absent | H15: =INDIRECT("RawData!"&ADDRESS(ROW(),COLUMN()-3)) -> Absent | I15: =INDIRECT("RawData!"&ADDRESS(ROW(),COLUMN()-3)) -> Absent | J15: =INDIRECT("RawData!"&ADDRESS(ROW(),COLUMN()-3)) -> Absent | K15: =INDIRECT("RawData!"&ADDRESS(ROW(),COLUMN()-3)) -> Absent | L15: =INDIRECT("RawData!"&ADDRESS(ROW(),COLUMN()-3)) -> Absent | ... KS15: =INDIRECT("RawData!"&ADDRESS(ROW(),COLUMN()-3))
A16: Mrs. Megha Arora | B16: 9896164643 | C16: https://lookerstudio.google.com/reporting/ff81dbbe-5f0f-41a0-8273-a93e22db8041 | D16: =INDIRECT("RawData!"&ADDRESS(ROW(),1)) -> Anay Arora | E16: =INDIRECT("RawData!"&ADDRESS(ROW(),COLUMN()-3)) -> 16 | F16: =INDIRECT("RawData!"&ADDRESS(ROW(),COLUMN()-3)) -> 28 | G16: =INDIRECT("RawData!"&ADDRESS(ROW(),COLUMN()-3)) -> 16 | H16: =INDIRECT("RawData!"&ADDRESS(ROW(),COLUMN()-3)) -> 26 | I16: =INDIRECT("RawData!"&ADDRESS(ROW(),COLUMN()-3)) -> 22 | J16: =INDIRECT("RawData!"&ADDRESS(ROW(),COLUMN()-3)) -> 24 | K16: =INDIRECT("RawData!"&ADDRESS(ROW(),COLUMN()-3)) -> 30 | L16: =INDIRECT("RawData!"&ADDRESS(ROW(),COLUMN()-3)) -> 26 | ... KS16: =INDIRECT("RawData!"&ADDRESS(ROW(),COLUMN()-3))
A17: Mr. Sachin Goel | B17: 7876611111 | C17: https://lookerstudio.google.com/reporting/a42666dc-19fa-4c1b-b17a-12e033ddec56 | D17: =INDIRECT("RawData!"&ADDRESS(ROW(),1)) -> Arnav Goel | E17: =INDIRECT("RawData!"&ADDRESS(ROW(),COLUMN()-3)) -> 24 | F17: =INDIRECT("RawData!"&ADDRESS(ROW(),COLUMN()-3)) -> 38 | G17: =INDIRECT("RawData!"&ADDRESS(ROW(),COLUMN()-3)) -> 24 | H17: =INDIRECT("RawData!"&ADDRESS(ROW(),COLUMN()-3)) -> 38 | I17: =INDIRECT("RawData!"&ADDRESS(ROW(),COLUMN()-3)) -> 34 | J17: =INDIRECT("RawData!"&ADDRESS(ROW(),COLUMN()-3)) -> 30 | K17: =INDIRECT("RawData!"&ADDRESS(ROW(),COLUMN()-3)) -> 32 | L17: =INDIRECT("RawData!"&ADDRESS(ROW(),COLUMN()-3)) -> 38 | ... KS17: =INDIRECT("RawData!"&ADDRESS(ROW(),COLUMN()-3))
... A19: Mrs. Mansi Saxena | B19: 7206088590 | C19: https://lookerstudio.google.com/reporting/640a40d2-25b8-40f4-91d4-af283a2ca7ea | D19: =INDIRECT("RawData!"&ADDRESS(ROW(),1)) -> Arnav Saxena | E19: =INDIRECT("RawData!"&ADDRESS(ROW(),COLUMN()-3)) -> 22 | F19: =INDIRECT("RawData!"&ADDRESS(ROW(),COLUMN()-3)) -> 38 | G19: =INDIRECT("RawData!"&ADDRESS(ROW(),COLUMN()-3)) -> 24 | H19: =INDIRECT("RawData!"&ADDRESS(ROW(),COLUMN()-3)) -> 40 | I19: =INDIRECT("RawData!"&ADDRESS(ROW(),COLUMN()-3)) -> 38 | J19: =INDIRECT("RawData!"&ADDRESS(ROW(),COLUMN()-3)) -> 38 | K19: =INDIRECT("RawData!"&ADDRESS(ROW(),COLUMN()-3)) -> 44 | L19: =INDIRECT("RawData!"&ADDRESS(ROW(),COLUMN()-3)) -> 38 | ... KS19: =INDIRECT("RawData!"&ADDRESS(ROW(),COLUMN()-3))
A20: Mrs. Neha Aggarwal | B20: 9996617210, 9896017210 | C20: https://lookerstudio.google.com/reporting/bca936b3-0681-4eee-a0d1-5d0c5b1e3509 | D20: =INDIRECT("RawData!"&ADDRESS(ROW(),1)) -> Atharv Aggarwal | E20: =INDIRECT("RawData!"&ADDRESS(ROW(),COLUMN()-3)) -> 20 | F20: =INDIRECT("RawData!"&ADDRESS(ROW(),COLUMN()-3)) -> 36 | G20: =INDIRECT("RawData!"&ADDRESS(ROW(),COLUMN()-3)) -> 20 | H20: =INDIRECT("RawData!"&ADDRESS(ROW(),COLUMN()-3)) -> 38 | I20: =INDIRECT("RawData!"&ADDRESS(ROW(),COLUMN()-3)) -> 36 | J20: =INDIRECT("RawData!"&ADDRESS(ROW(),COLUMN()-3)) -> 34 | K20: =INDIRECT("RawData!"&ADDRESS(ROW(),COLUMN()-3)) -> 44 | L20: =INDIRECT("RawData!"&ADDRESS(ROW(),COLUMN()-3)) -> 36 | ... KS20: =INDIRECT("RawData!"&ADDRESS(ROW(),COLUMN()-3))
A21: Mrs. Nitika Chhabra | B21: 7988106247 | C21: https://lookerstudio.google.com/reporting/d3fb6689-a385-45f6-a0f4-0d524f13421d | D21: =INDIRECT("RawData!"&ADDRESS(ROW(),1)) -> Avni Chhabra | E21: =INDIRECT("RawData!"&ADDRESS(ROW(),COLUMN()-3)) -> 22 | F21: =INDIRECT("RawData!"&ADDRESS(ROW(),COLUMN()-3)) -> 30 | G21: =INDIRECT("RawData!"&ADDRESS(ROW(),COLUMN()-3)) -> 24 | H21: =INDIRECT("RawData!"&ADDRESS(ROW(),COLUMN()-3)) -> 36 | I21: =INDIRECT("RawData!"&ADDRESS(ROW(),COLUMN()-3)) -> 28 | J21: =INDIRECT("RawData!"&ADDRESS(ROW(),COLUMN()-3)) -> 24 | K21: =INDIRECT("RawData!"&ADDRESS(ROW(),COLUMN()-3)) -> 32 | L21: =INDIRECT("RawData!"&ADDRESS(ROW(),COLUMN()-3)) -> 28 | ... KS21: =INDIRECT("RawData!"&ADDRESS(ROW(),COLUMN()-3))
A22: Mr. Gaurav Guglani | B22: 9812203460 | C22: https://lookerstudio.google.com/reporting/f68a8a51-9f34-4363-810f-3e73ca551560 | D22: =INDIRECT("RawData!"&ADDRESS(ROW(),1)) -> Ayaan Guglani | E22: =INDIRECT("RawData!"&ADDRESS(ROW(),COLUMN()-3)) -> 22 | F22: =INDIRECT("RawData!"&ADDRESS(ROW(),COLUMN()-3)) -> 38 | G22: =INDIRECT("RawData!"&ADDRESS(ROW(),COLUMN()-3)) -> 24 | H22: =INDIRECT("RawData!"&ADDRESS(ROW(),COLUMN()-3)) -> 36 | I22: =INDIRECT("RawData!"&ADDRESS(ROW(),COLUMN()-3)) -> 38 | J22: =INDIRECT("RawData!"&ADDRESS(ROW(),COLUMN()-3)) -> 32 | K22: =INDIRECT("RawData!"&ADDRESS(ROW(),COLUMN()-3)) -> 38 | L22: =INDIRECT("RawData!"&ADDRESS(ROW(),COLUMN()-3)) -> 38 | ... KS22: =INDIRECT("RawData!"&ADDRESS(ROW(),COLUMN()-3))
A23: Mrs. Harpreet Kaur | B23: 9896157477 | C23: https://lookerstudio.google.com/reporting/2d8f68a8-a6eb-413a-b73c-db0cf71c6e94 | D23: =INDIRECT("RawData!"&ADDRESS(ROW(),1)) -> Ayaan Singh | E23: =INDIRECT("RawData!"&ADDRESS(ROW(),COLUMN()-3)) -> 20 | F23: =INDIRECT("RawData!"&ADDRESS(ROW(),COLUMN()-3)) -> 40 | G23: =INDIRECT("RawData!"&ADDRESS(ROW(),COLUMN()-3)) -> 24 | H23: =INDIRECT("RawData!"&ADDRESS(ROW(),COLUMN()-3)) -> 40 | I23: =INDIRECT("RawData!"&ADDRESS(ROW(),COLUMN()-3)) -> 34 | J23: =INDIRECT("RawData!"&ADDRESS(ROW(),COLUMN()-3)) -> 38 | K23: =INDIRECT("RawData!"&ADDRESS(ROW(),COLUMN()-3)) -> 45 | L23: =INDIRECT("RawData!"&ADDRESS(ROW(),COLUMN()-3)) -> 36 | ... KS23: =INDIRECT("RawData!"&ADDRESS(ROW(),COLUMN()-3))
A24: Mr. Subodh Kumar | B24: 7082290040 | C24: https://lookerstudio.google.com/reporting/4f34172b-eb6c-445b-b904-9ab92c92f215 | D24: =INDIRECT("RawData!"&ADDRESS(ROW(),1)) -> Ayush Kumar | E24: =INDIRECT("RawData!"&ADDRESS(ROW(),COLUMN()-3)) -> 10 | F24: =INDIRECT("RawData!"&ADDRESS(ROW(),COLUMN()-3)) -> 20 | G24: =INDIRECT("RawData!"&ADDRESS(ROW(),COLUMN()-3)) -> 16 | H24: =INDIRECT("RawData!"&ADDRESS(ROW(),COLUMN()-3)) -> 18 | I24: =INDIRECT("RawData!"&ADDRESS(ROW(),COLUMN()-3)) -> 16 | J24: =INDIRECT("RawData!"&ADDRESS(ROW(),COLUMN()-3)) -> 22 | K24: =INDIRECT("RawData!"&ADDRESS(ROW(),COLUMN()-3)) -> 18 | L24: =INDIRECT("RawData!"&ADDRESS(ROW(),COLUMN()-3)) -> 16 | ... KS24: =INDIRECT("RawData!"&ADDRESS(ROW(),COLUMN()-3))
A25: Mrs. Kavita Katoch | B25: 9467814860 | C25: https://lookerstudio.google.com/reporting/c9d95359-3903-4808-af03-b35861282f6a | D25: =INDIRECT("RawData!"&ADDRESS(ROW(),1)) -> Bhavik Katoch | E25: =INDIRECT("RawData!"&ADDRESS(ROW(),COLUMN()-3)) -> 22 | F25: =INDIRECT("RawData!"&ADDRESS(ROW(),COLUMN()-3)) -> 36 | G25: =INDIRECT("RawData!"&ADDRESS(ROW(),COLUMN()-3)) -> 24 | H25: =INDIRECT("RawData!"&ADDRESS(ROW(),COLUMN()-3)) -> 36 | I25: =INDIRECT("RawData!"&ADDRESS(ROW(),COLUMN()-3)) -> 38 | J25: =INDIRECT("RawData!"&ADDRESS(ROW(),COLUMN()-3)) -> 34 | K25: =INDIRECT("RawData!"&ADDRESS(ROW(),COLUMN()-3)) -> 42 | L25: =INDIRECT("RawData!"&ADDRESS(ROW(),COLUMN()-3)) -> 38 | ... KS25: =INDIRECT("RawData!"&ADDRESS(ROW(),COLUMN()-3))
A26: Mrs. Renu Chawla | B26: 8053206613 | C26: https://lookerstudio.google.com/reporting/0cf4ef26-4dfd-4b2e-8d9a-7f387b0ca0c3 | D26: =INDIRECT("RawData!"&ADDRESS(ROW(),1)) -> Bhavya Chawla | E26: =INDIRECT("RawData!"&ADDRESS(ROW(),COLUMN()-3)) -> 22 | F26: =INDIRECT("RawData!"&ADDRESS(ROW(),COLUMN()-3)) -> 24 | G26: =INDIRECT("RawData!"&ADDRESS(ROW(),COLUMN()-3)) -> 20 | H26: =INDIRECT("RawData!"&ADDRESS(ROW(),COLUMN()-3)) -> 36 | I26: =INDIRECT("RawData!"&ADDRESS(ROW(),COLUMN()-3)) -> 40 | J26: =INDIRECT("RawData!"&ADDRESS(ROW(),COLUMN()-3)) -> 30 | K26: =INDIRECT("RawData!"&ADDRESS(ROW(),COLUMN()-3)) -> 32 | L26: =INDIRECT("RawData!"&ADDRESS(ROW(),COLUMN()-3)) -> 38 | ... KS26: =INDIRECT("RawData!"&ADDRESS(ROW(),COLUMN()-3))
A27: Mr. Vijay Pal Chauhan | B27: 8222876492 | C27: https://lookerstudio.google.com/reporting/741130cd-c3fd-479a-9172-30dfca859d35 | D27: =INDIRECT("RawData!"&ADDRESS(ROW(),1)) -> Bhuvi Chauhan | E27: =INDIRECT("RawData!"&ADDRESS(ROW(),COLUMN()-3)) -> 20 | F27: =INDIRECT("RawData!"&ADDRESS(ROW(),COLUMN()-3)) -> 40 | G27: =INDIRECT("RawData!"&ADDRESS(ROW(),COLUMN()-3)) -> 24 | H27: =INDIRECT("RawData!"&ADDRESS(ROW(),COLUMN()-3)) -> 40 | I27: =INDIRECT("RawData!"&ADDRESS(ROW(),COLUMN()-3)) -> 38 | J27: =INDIRECT("RawData!"&ADDRESS(ROW(),COLUMN()-3)) -> 38 | K27: =INDIRECT("RawData!"&ADDRESS(ROW(),COLUMN()-3)) -> 36 | L27: =INDIRECT("RawData!"&ADDRESS(ROW(),COLUMN()-3)) -> 40 | ... KS27: =INDIRECT("RawData!"&ADDRESS(ROW(),COLUMN()-3))
A28: Mrs. Rajni Sehgal | B28: 9017802483 | C28: https://lookerstudio.google.com/reporting/ecab8d0c-2aa9-481d-a207-47eed87756b1 | D28: =INDIRECT("RawData!"&ADDRESS(ROW(),1)) -> Chahat Sehgal | E28: =INDIRECT("RawData!"&ADDRESS(ROW(),COLUMN()-3)) -> Absent | F28: =INDIRECT("RawData!"&ADDRESS(ROW(),COLUMN()-3)) -> 16 | G28: =INDIRECT("RawData!"&ADDRESS(ROW(),COLUMN()-3)) -> 16 | H28: =INDIRECT("RawData!"&ADDRESS(ROW(),COLUMN()-3)) -> 24 | I28: =INDIRECT("RawData!"&ADDRESS(ROW(),COLUMN()-3)) -> 28 | J28: =INDIRECT("RawData!"&ADDRESS(ROW(),COLUMN()-3)) -> 16 | K28: =INDIRECT("RawData!"&ADDRESS(ROW(),COLUMN()-3)) -> 30 | L28: =INDIRECT("RawData!"&ADDRESS(ROW(),COLUMN()-3)) -> 16 | ... KS28: =INDIRECT("RawData!"&ADDRESS(ROW(),COLUMN()-3))
A29: Mr. Mandeep Umrao | B29: 9466717064 , 9729588502 | C29: https://lookerstudio.google.com/reporting/f827dbdc-0aef-4a40-9529-9161efc2615a | D29: =INDIRECT("RawData!"&ADDRESS(ROW(),1)) -> Chhavi Saini | E29: =INDIRECT("RawData!"&ADDRESS(ROW(),COLUMN()-3)) -> Absent | F29: =INDIRECT("RawData!"&ADDRESS(ROW(),COLUMN()-3)) -> Absent | G29: =INDIRECT("RawData!"&ADDRESS(ROW(),COLUMN()-3)) -> Absent | H29: =INDIRECT("RawData!"&ADDRESS(ROW(),COLUMN()-3)) -> Absent | I29: =INDIRECT("RawData!"&ADDRESS(ROW(),COLUMN()-3)) -> Absent | J29: =INDIRECT("RawData!"&ADDRESS(ROW(),COLUMN()-3)) -> Absent | K29: =INDIRECT("RawData!"&ADDRESS(ROW(),COLUMN()-3)) -> Absent | L29: =INDIRECT("RawData!"&ADDRESS(ROW(),COLUMN()-3)) -> Absent | ... KS29: =INDIRECT("RawData!"&ADDRESS(ROW(),COLUMN()-3))
A30: Mrs. Rashmi Julka | B30: 9991990856 | C30: https://lookerstudio.google.com/reporting/067140c2-6bc3-43e7-a5eb-673cdfa9b7b5 | D30: =INDIRECT("RawData!"&ADDRESS(ROW(),1)) -> Daksh Julka | E30: =INDIRECT("RawData!"&ADDRESS(ROW(),COLUMN()-3)) -> 16 | F30: =INDIRECT("RawData!"&ADDRESS(ROW(),COLUMN()-3)) -> 34 | G30: =INDIRECT("RawData!"&ADDRESS(ROW(),COLUMN()-3)) -> 18 | H30: =INDIRECT("RawData!"&ADDRESS(ROW(),COLUMN()-3)) -> 36 | I30: =INDIRECT("RawData!"&ADDRESS(ROW(),COLUMN()-3)) -> 28 | J30: =INDIRECT("RawData!"&ADDRESS(ROW(),COLUMN()-3)) -> 30 | K30: =INDIRECT("RawData!"&ADDRESS(ROW(),COLUMN()-3)) -> 34 | L30: =INDIRECT("RawData!"&ADDRESS(ROW(),COLUMN()-3)) -> 28 | ... KS30: =INDIRECT("RawData!"&ADDRESS(ROW(),COLUMN()-3))
A31: Mrs. Jatinder Nayar | B31: 8950538980 | C31: https://lookerstudio.google.com/reporting/3a10ed55-5c7c-4541-8f6c-b949bc7f8960 | D31: =INDIRECT("RawData!"&ADDRESS(ROW(),1)) -> Devishee Nayar | E31: =INDIRECT("RawData!"&ADDRESS(ROW(),COLUMN()-3)) -> 22 | F31: =INDIRECT("RawData!"&ADDRESS(ROW(),COLUMN()-3)) -> 40 | G31: =INDIRECT("RawData!"&ADDRESS(ROW(),COLUMN()-3)) -> 24 | H31: =INDIRECT("RawData!"&ADDRESS(ROW(),COLUMN()-3)) -> 40 | I31: =INDIRECT("RawData!"&ADDRESS(ROW(),COLUMN()-3)) -> 36 | J31: =INDIRECT("RawData!"&ADDRESS(ROW(),COLUMN()-3)) -> Absent | K31: =INDIRECT("RawData!"&ADDRESS(ROW(),COLUMN()-3)) -> Absent | L31: =INDIRECT("RawData!"&ADDRESS(ROW(),COLUMN()-3)) -> Absent | ... KS31: =INDIRECT("RawData!"&ADDRESS(ROW(),COLUMN()-3))
A32: Mr. Manish Gupta | B32: 9467387110 | C32: https://lookerstudio.google.com/reporting/ac60c508-f9c4-49d1-8413-57fd1b986a3f | D32: =INDIRECT("RawData!"&ADDRESS(ROW(),1)) -> Devishi Gupta | E32: =INDIRECT("RawData!"&ADDRESS(ROW(),COLUMN()-3)) -> 24 | F32: =INDIRECT("RawData!"&ADDRESS(ROW(),COLUMN()-3)) -> 40 | G32: =INDIRECT("RawData!"&ADDRESS(ROW(),COLUMN()-3)) -> 24 | H32: =INDIRECT("RawData!"&ADDRESS(ROW(),COLUMN()-3)) -> 38 | I32: =INDIRECT("RawData!"&ADDRESS(ROW(),COLUMN()-3)) -> 40 | J32: =INDIRECT("RawData!"&ADDRESS(ROW(),COLUMN()-3)) -> 36 | K32: =INDIRECT("RawData!"&ADDRESS(ROW(),COLUMN()-3)) -> 36 | L32: =INDIRECT("RawData!"&ADDRESS(ROW(),COLUMN()-3)) -> 40 | ... KS32: =INDIRECT("RawData!"&ADDRESS(ROW(),COLUMN()-3))
A33: Mrs. Amarjot Kaur | B33: 9068227877 | C33: https://datastudio.google.com/reporting/f7937078-05e2-41c3-88aa-816894b8787c | D33: =INDIRECT("RawData!"&ADDRESS(ROW(),1)) -> Fateh Partap Singh | E33: =INDIRECT("RawData!"&ADDRESS(ROW(),COLUMN()-3)) -> Absent | F33: =INDIRECT("RawData!"&ADDRESS(ROW(),COLUMN()-3)) -> Absent | G33: =INDIRECT("RawData!"&ADDRESS(ROW(),COLUMN()-3)) -> Absent | H33: =INDIRECT("RawData!"&ADDRESS(ROW(),COLUMN()-3)) -> Absent | I33: =INDIRECT("RawData!"&ADDRESS(ROW(),COLUMN()-3)) -> Absent | J33: =INDIRECT("RawData!"&ADDRESS(ROW(),COLUMN()-3)) -> Absent | K33: =INDIRECT("RawData!"&ADDRESS(ROW(),COLUMN()-3)) -> Absent | L33: =INDIRECT("RawData!"&ADDRESS(ROW(),COLUMN()-3)) -> Absent | ... KS33: =INDIRECT("RawData!"&ADDRESS(ROW(),COLUMN()-3))
A34: Mrs. RamandeepKaur | B34: 9896942375 | C34: https://lookerstudio.google.com/reporting/82ec907e-6dca-4545-b256-460b91406454 | D34: =INDIRECT("RawData!"&ADDRESS(ROW(),1)) -> Japnidh Singh | E34: =INDIRECT("RawData!"&ADDRESS(ROW(),COLUMN()-3)) -> 24 | F34: =INDIRECT("RawData!"&ADDRESS(ROW(),COLUMN()-3)) -> 40 | G34: =INDIRECT("RawData!"&ADDRESS(ROW(),COLUMN()-3)) -> 24 | H34: =INDIRECT("RawData!"&ADDRESS(ROW(),COLUMN()-3)) -> 40 | I34: =INDIRECT("RawData!"&ADDRESS(ROW(),COLUMN()-3)) -> 36 | J34: =INDIRECT("RawData!"&ADDRESS(ROW(),COLUMN()-3)) -> 36 | K34: =INDIRECT("RawData!"&ADDRESS(ROW(),COLUMN()-3)) -> 38 | L34: =INDIRECT("RawData!"&ADDRESS(ROW(),COLUMN()-3)) -> 40 | ... KS34: =INDIRECT("RawData!"&ADDRESS(ROW(),COLUMN()-3))
A35: Mrs. Gurjeet Kaur | B35: 9802222201 , 9802222223 | C35: https://lookerstudio.google.com/reporting/853c32df-73f6-40b4-be48-9eebfc4ac037 | D35: =INDIRECT("RawData!"&ADDRESS(ROW(),1)) -> Jaskeerat Kaur | E35: =INDIRECT("RawData!"&ADDRESS(ROW(),COLUMN()-3)) -> 22 | F35: =INDIRECT("RawData!"&ADDRESS(ROW(),COLUMN()-3)) -> 40 | G35: =INDIRECT("RawData!"&ADDRESS(ROW(),COLUMN()-3)) -> 22 | H35: =INDIRECT("RawData!"&ADDRESS(ROW(),COLUMN()-3)) -> 40 | I35: =INDIRECT("RawData!"&ADDRESS(ROW(),COLUMN()-3)) -> 38 | J35: =INDIRECT("RawData!"&ADDRESS(ROW(),COLUMN()-3)) -> 38 | K35: =INDIRECT("RawData!"&ADDRESS(ROW(),COLUMN()-3)) -> 40 | L35: =INDIRECT("RawData!"&ADDRESS(ROW(),COLUMN()-3)) -> 36 | ... KS35: =INDIRECT("RawData!"&ADDRESS(ROW(),COLUMN()-3))
A36: Mrs. Sangeeta Vasoya | B36: 9416553499 | C36: https://lookerstudio.google.com/reporting/df451d53-a67e-4ea1-bd4a-ec79b097910f | D36: =INDIRECT("RawData!"&ADDRESS(ROW(),1)) -> Jigar | E36: =INDIRECT("RawData!"&ADDRESS(ROW(),COLUMN()-3)) -> Absent | F36: =INDIRECT("RawData!"&ADDRESS(ROW(),COLUMN()-3)) -> Absent | G36: =INDIRECT("RawData!"&ADDRESS(ROW(),COLUMN()-3)) -> Absent | H36: =INDIRECT("RawData!"&ADDRESS(ROW(),COLUMN()-3)) -> Absent | I36: =INDIRECT("RawData!"&ADDRESS(ROW(),COLUMN()-3)) -> Absent | J36: =INDIRECT("RawData!"&ADDRESS(ROW(),COLUMN()-3)) -> 22 | K36: =INDIRECT("RawData!"&ADDRESS(ROW(),COLUMN()-3)) -> 24 | L36: =INDIRECT("RawData!"&ADDRESS(ROW(),COLUMN()-3)) -> 16 | ... KS36: =INDIRECT("RawData!"&ADDRESS(ROW(),COLUMN()-3))
A37: Mrs. Preeti Chadha | B37: 9034883180 | C37: https://datastudio.google.com/reporting/9e8c0c36-8e6f-4688-ba78-f7458f7e9339 | D37: =INDIRECT("RawData!"&ADDRESS(ROW(),1)) -> Jivanshi | E37: =INDIRECT("RawData!"&ADDRESS(ROW(),COLUMN()-3)) -> Absent | F37: =INDIRECT("RawData!"&ADDRESS(ROW(),COLUMN()-3)) -> Absent | G37: =INDIRECT("RawData!"&ADDRESS(ROW(),COLUMN()-3)) -> Absent | H37: =INDIRECT("RawData!"&ADDRESS(ROW(),COLUMN()-3)) -> Absent | I37: =INDIRECT("RawData!"&ADDRESS(ROW(),COLUMN()-3)) -> Absent | J37: =INDIRECT("RawData!"&ADDRESS(ROW(),COLUMN()-3)) -> Absent | K37: =INDIRECT("RawData!"&ADDRESS(ROW(),COLUMN()-3)) -> Absent | L37: =INDIRECT("RawData!"&ADDRESS(ROW(),COLUMN()-3)) -> Absent | ... KS37: =INDIRECT("RawData!"&ADDRESS(ROW(),COLUMN()-3))
A38: Mrs. Monica Chauhan | B38: 9817574525 | C38: https://lookerstudio.google.com/reporting/275710da-13b2-4bf7-9b9c-e2f7686768d0 | D38: =INDIRECT("RawData!"&ADDRESS(ROW(),1)) -> Kanishk Singh | E38: =INDIRECT("RawData!"&ADDRESS(ROW(),COLUMN()-3)) -> 20 | F38: =INDIRECT("RawData!"&ADDRESS(ROW(),COLUMN()-3)) -> 24 | G38: =INDIRECT("RawData!"&ADDRESS(ROW(),COLUMN()-3)) -> 18 | H38: =INDIRECT("RawData!"&ADDRESS(ROW(),COLUMN()-3)) -> 30 | I38: =INDIRECT("RawData!"&ADDRESS(ROW(),COLUMN()-3)) -> 16 | J38: =INDIRECT("RawData!"&ADDRESS(ROW(),COLUMN()-3)) -> 38 | K38: =INDIRECT("RawData!"&ADDRESS(ROW(),COLUMN()-3)) -> 32 | L38: =INDIRECT("RawData!"&ADDRESS(ROW(),COLUMN()-3)) -> 16 | ... KS38: =INDIRECT("RawData!"&ADDRESS(ROW(),COLUMN()-3))
A39: Mr. Mohit Gupta | B39: 7206066000 | C39: https://lookerstudio.google.com/reporting/e6da509a-6f9d-4452-a3af-4d31c3c5af79 | D39: =INDIRECT("RawData!"&ADDRESS(ROW(),1)) -> Kartik Gupta | E39: =INDIRECT("RawData!"&ADDRESS(ROW(),COLUMN()-3)) -> 24 | F39: =INDIRECT("RawData!"&ADDRESS(ROW(),COLUMN()-3)) -> 40 | G39: =INDIRECT("RawData!"&ADDRESS(ROW(),COLUMN()-3)) -> 24 | H39: =INDIRECT("RawData!"&ADDRESS(ROW(),COLUMN()-3)) -> 38 | I39: =INDIRECT("RawData!"&ADDRESS(ROW(),COLUMN()-3)) -> 40 | J39: =INDIRECT("RawData!"&ADDRESS(ROW(),COLUMN()-3)) -> 38 | K39: =INDIRECT("RawData!"&ADDRESS(ROW(),COLUMN()-3)) -> 45 | L39: =INDIRECT("RawData!"&ADDRESS(ROW(),COLUMN()-3)) -> 38 | ... KS39: =INDIRECT("RawData!"&ADDRESS(ROW(),COLUMN()-3))
A40: Mrs. Shuchi Batra | B40: 9416937002 | C40: https://lookerstudio.google.com/reporting/0285bee3-7a67-416d-b088-d1c73f4a1905 | D40: =INDIRECT("RawData!"&ADDRESS(ROW(),1)) -> Kavish Batra | E40: =INDIRECT("RawData!"&ADDRESS(ROW(),COLUMN()-3)) -> 20 | F40: =INDIRECT("RawData!"&ADDRESS(ROW(),COLUMN()-3)) -> 34 | G40: =INDIRECT("RawData!"&ADDRESS(ROW(),COLUMN()-3)) -> 24 | H40: =INDIRECT("RawData!"&ADDRESS(ROW(),COLUMN()-3)) -> 38 | I40: =INDIRECT("RawData!"&ADDRESS(ROW(),COLUMN()-3)) -> 40 | J40: =INDIRECT("RawData!"&ADDRESS(ROW(),COLUMN()-3)) -> 36 | K40: =INDIRECT("RawData!"&ADDRESS(ROW(),COLUMN()-3)) -> 38 | L40: =INDIRECT("RawData!"&ADDRESS(ROW(),COLUMN()-3)) -> 40 | ... KS40: =INDIRECT("RawData!"&ADDRESS(ROW(),COLUMN()-3))
A41: Mrs. Shweta Gupta | B41: 8168346179 | C41: https://lookerstudio.google.com/reporting/3cea9e1c-9f7c-4b4e-b08d-ef0333d3d7e2 | D41: =INDIRECT("RawData!"&ADDRESS(ROW(),1)) -> Keshav Gupta | E41: =INDIRECT("RawData!"&ADDRESS(ROW(),COLUMN()-3)) -> 24 | F41: =INDIRECT("RawData!"&ADDRESS(ROW(),COLUMN()-3)) -> 30 | G41: =INDIRECT("RawData!"&ADDRESS(ROW(),COLUMN()-3)) -> 24 | H41: =INDIRECT("RawData!"&ADDRESS(ROW(),COLUMN()-3)) -> 34 | I41: =INDIRECT("RawData!"&ADDRESS(ROW(),COLUMN()-3)) -> 34 | J41: =INDIRECT("RawData!"&ADDRESS(ROW(),COLUMN()-3)) -> 34 | K41: =INDIRECT("RawData!"&ADDRESS(ROW(),COLUMN()-3)) -> 42 | L41: =INDIRECT("RawData!"&ADDRESS(ROW(),COLUMN()-3)) -> 32 | ... KS41: =INDIRECT("RawData!"&ADDRESS(ROW(),COLUMN()-3))
A42: Mr. Ravi Aggarwal | B42: 9215632123 | C42: https://lookerstudio.google.com/reporting/727894bf-0dcd-4a30-a486-35163998bd3a | D42: =INDIRECT("RawData!"&ADDRESS(ROW(),1)) -> Krish Aggarwal | E42: =INDIRECT("RawData!"&ADDRESS(ROW(),COLUMN()-3)) -> 16 | F42: =INDIRECT("RawData!"&ADDRESS(ROW(),COLUMN()-3)) -> 38 | G42: =INDIRECT("RawData!"&ADDRESS(ROW(),COLUMN()-3)) -> 16 | H42: =INDIRECT("RawData!"&ADDRESS(ROW(),COLUMN()-3)) -> 40 | I42: =INDIRECT("RawData!"&ADDRESS(ROW(),COLUMN()-3)) -> 36 | J42: =INDIRECT("RawData!"&ADDRESS(ROW(),COLUMN()-3)) -> 34 | K42: =INDIRECT("RawData!"&ADDRESS(ROW(),COLUMN()-3)) -> 28 | L42: =INDIRECT("RawData!"&ADDRESS(ROW(),COLUMN()-3)) -> 36 | ... KS42: =INDIRECT("RawData!"&ADDRESS(ROW(),COLUMN()-3))
A43: Mr. Ankit Dhawan | B43: 9467904199 | C43: https://datastudio.google.com/reporting/9998d81e-4975-4d00-af55-108d3bba26f7 | D43: =INDIRECT("RawData!"&ADDRESS(ROW(),1)) -> Lavitra Dhawan | E43: =INDIRECT("RawData!"&ADDRESS(ROW(),COLUMN()-3)) -> Absent | F43: =INDIRECT("RawData!"&ADDRESS(ROW(),COLUMN()-3)) -> Absent | G43: =INDIRECT("RawData!"&ADDRESS(ROW(),COLUMN()-3)) -> Absent | H43: =INDIRECT("RawData!"&ADDRESS(ROW(),COLUMN()-3)) -> Absent | I43: =INDIRECT("RawData!"&ADDRESS(ROW(),COLUMN()-3)) -> Absent | J43: =INDIRECT("RawData!"&ADDRESS(ROW(),COLUMN()-3)) -> Absent | K43: =INDIRECT("RawData!"&ADDRESS(ROW(),COLUMN()-3)) -> Absent | L43: =INDIRECT("RawData!"&ADDRESS(ROW(),COLUMN()-3)) -> Absent | ... KS43: =INDIRECT("RawData!"&ADDRESS(ROW(),COLUMN()-3))
A44: Mrs. Hema Walia | B44: 9355107666 | C44: https://lookerstudio.google.com/reporting/41e324a6-2a62-49b6-9516-399427c96bf9 | D44: =INDIRECT("RawData!"&ADDRESS(ROW(),1)) -> Mahir Walia | E44: =INDIRECT("RawData!"&ADDRESS(ROW(),COLUMN()-3)) -> Absent | F44: =INDIRECT("RawData!"&ADDRESS(ROW(),COLUMN()-3)) -> Absent | G44: =INDIRECT("RawData!"&ADDRESS(ROW(),COLUMN()-3)) -> 16 | H44: =INDIRECT("RawData!"&ADDRESS(ROW(),COLUMN()-3)) -> 24 | I44: =INDIRECT("RawData!"&ADDRESS(ROW(),COLUMN()-3)) -> 16 | J44: =INDIRECT("RawData!"&ADDRESS(ROW(),COLUMN()-3)) -> 16 | K44: =INDIRECT("RawData!"&ADDRESS(ROW(),COLUMN()-3)) -> 18 | L44: =INDIRECT("RawData!"&ADDRESS(ROW(),COLUMN()-3)) -> 26 | ... KS44: =INDIRECT("RawData!"&ADDRESS(ROW(),COLUMN()-3))
A45: Mrs. Sumita Kaur | B45: 9812462716 | C45: https://lookerstudio.google.com/reporting/cc683183-824a-4bbd-9c8e-57ce700961e8 | D45: =INDIRECT("RawData!"&ADDRESS(ROW(),1)) -> Mankirat Singh | E45: =INDIRECT("RawData!"&ADDRESS(ROW(),COLUMN()-3)) -> 20 | F45: =INDIRECT("RawData!"&ADDRESS(ROW(),COLUMN()-3)) -> 28 | G45: =INDIRECT("RawData!"&ADDRESS(ROW(),COLUMN()-3)) -> 24 | H45: =INDIRECT("RawData!"&ADDRESS(ROW(),COLUMN()-3)) -> 36 | I45: =INDIRECT("RawData!"&ADDRESS(ROW(),COLUMN()-3)) -> 36 | J45: =INDIRECT("RawData!"&ADDRESS(ROW(),COLUMN()-3)) -> 36 | K45: =INDIRECT("RawData!"&ADDRESS(ROW(),COLUMN()-3)) -> 36 | L45: =INDIRECT("RawData!"&ADDRESS(ROW(),COLUMN()-3)) -> 36 | ... KS45: =INDIRECT("RawData!"&ADDRESS(ROW(),COLUMN()-3))
A46: Mrs. Ishdeep Kaur | B46: 8689001523 | C46: https://lookerstudio.google.com/reporting/64221184-61ce-4442-9931-eed19cebf411 | D46: =INDIRECT("RawData!"&ADDRESS(ROW(),1)) -> Mehar | E46: =INDIRECT("RawData!"&ADDRESS(ROW(),COLUMN()-3)) -> 10 | F46: =INDIRECT("RawData!"&ADDRESS(ROW(),COLUMN()-3)) -> 30 | G46: =INDIRECT("RawData!"&ADDRESS(ROW(),COLUMN()-3)) -> 24 | H46: =INDIRECT("RawData!"&ADDRESS(ROW(),COLUMN()-3)) -> 34 | I46: =INDIRECT("RawData!"&ADDRESS(ROW(),COLUMN()-3)) -> 32 | J46: =INDIRECT("RawData!"&ADDRESS(ROW(),COLUMN()-3)) -> 28 | K46: =INDIRECT("RawData!"&ADDRESS(ROW(),COLUMN()-3)) -> Absent | L46: =INDIRECT("RawData!"&ADDRESS(ROW(),COLUMN()-3)) -> Absent | ... KS46: =INDIRECT("RawData!"&ADDRESS(ROW(),COLUMN()-3))
A47: Mr. Nikhilesh Aggarwal | B47: 9466396554 | C47: https://lookerstudio.google.com/reporting/c6ebbacc-8f38-487f-acd9-5e51baeb90c8 | D47: =INDIRECT("RawData!"&ADDRESS(ROW(),1)) -> Mukul Aggarwal | E47: =INDIRECT("RawData!"&ADDRESS(ROW(),COLUMN()-3)) -> 24 | F47: =INDIRECT("RawData!"&ADDRESS(ROW(),COLUMN()-3)) -> 40 | G47: =INDIRECT("RawData!"&ADDRESS(ROW(),COLUMN()-3)) -> 24 | H47: =INDIRECT("RawData!"&ADDRESS(ROW(),COLUMN()-3)) -> 38 | I47: =INDIRECT("RawData!"&ADDRESS(ROW(),COLUMN()-3)) -> 32 | J47: =INDIRECT("RawData!"&ADDRESS(ROW(),COLUMN()-3)) -> 34 | K47: =INDIRECT("RawData!"&ADDRESS(ROW(),COLUMN()-3)) -> 28 | L47: =INDIRECT("RawData!"&ADDRESS(ROW(),COLUMN()-3)) -> 32 | ... KS47: =INDIRECT("RawData!"&ADDRESS(ROW(),COLUMN()-3))
... A49: Mrs. Kamlesh Dhiman | B49: 7497899971 | C49: https://datastudio.google.com/reporting/939f0250-9414-4995-a2e1-f72967dcf76d | D49: =INDIRECT("RawData!"&ADDRESS(ROW(),1)) -> Pavika Dhiman | E49: =INDIRECT("RawData!"&ADDRESS(ROW(),COLUMN()-3)) -> Absent | F49: =INDIRECT("RawData!"&ADDRESS(ROW(),COLUMN()-3)) -> Absent | G49: =INDIRECT("RawData!"&ADDRESS(ROW(),COLUMN()-3)) -> Absent | H49: =INDIRECT("RawData!"&ADDRESS(ROW(),COLUMN()-3)) -> Absent | I49: =INDIRECT("RawData!"&ADDRESS(ROW(),COLUMN()-3)) -> Absent | J49: =INDIRECT("RawData!"&ADDRESS(ROW(),COLUMN()-3)) -> Absent | K49: =INDIRECT("RawData!"&ADDRESS(ROW(),COLUMN()-3)) -> Absent | L49: =INDIRECT("RawData!"&ADDRESS(ROW(),COLUMN()-3)) -> Absent | ... KS49: =INDIRECT("RawData!"&ADDRESS(ROW(),COLUMN()-3))
A50: Mr. Prince Jain | B50: 9896353519 , 92540 55569 | C50: https://lookerstudio.google.com/reporting/e22d982e-176a-4758-823c-2873070c8172 | D50: =INDIRECT("RawData!"&ADDRESS(ROW(),1)) -> Prasham Jain. | E50: =INDIRECT("RawData!"&ADDRESS(ROW(),COLUMN()-3)) -> 14 | F50: =INDIRECT("RawData!"&ADDRESS(ROW(),COLUMN()-3)) -> 20 | G50: =INDIRECT("RawData!"&ADDRESS(ROW(),COLUMN()-3)) -> 24 | H50: =INDIRECT("RawData!"&ADDRESS(ROW(),COLUMN()-3)) -> 36 | I50: =INDIRECT("RawData!"&ADDRESS(ROW(),COLUMN()-3)) -> 36 | J50: =INDIRECT("RawData!"&ADDRESS(ROW(),COLUMN()-3)) -> 38 | K50: =INDIRECT("RawData!"&ADDRESS(ROW(),COLUMN()-3)) -> 40 | L50: =INDIRECT("RawData!"&ADDRESS(ROW(),COLUMN()-3)) -> 38 | ... KS50: =INDIRECT("RawData!"&ADDRESS(ROW(),COLUMN()-3))
A51: Mrs. Gunjan Namdev | B51: 9996771749 | C51: https://lookerstudio.google.com/reporting/59de5c12-4d21-409b-b064-073365d291de | D51: =INDIRECT("RawData!"&ADDRESS(ROW(),1)) -> Radhika Namdev | E51: =INDIRECT("RawData!"&ADDRESS(ROW(),COLUMN()-3)) -> 16 | F51: =INDIRECT("RawData!"&ADDRESS(ROW(),COLUMN()-3)) -> 20 | G51: =INDIRECT("RawData!"&ADDRESS(ROW(),COLUMN()-3)) -> 24 | H51: =INDIRECT("RawData!"&ADDRESS(ROW(),COLUMN()-3)) -> 24 | I51: =INDIRECT("RawData!"&ADDRESS(ROW(),COLUMN()-3)) -> 24 | J51: =INDIRECT("RawData!"&ADDRESS(ROW(),COLUMN()-3)) -> 34 | K51: =INDIRECT("RawData!"&ADDRESS(ROW(),COLUMN()-3)) -> 34 | L51: =INDIRECT("RawData!"&ADDRESS(ROW(),COLUMN()-3)) -> 16 | ... KS51: =INDIRECT("RawData!"&ADDRESS(ROW(),COLUMN()-3))
A52: Mrs. Navita Chadha | B52: 9896943689 | C52: https://lookerstudio.google.com/reporting/d00f93e1-0ff5-463e-8b62-eb4697e490f9 | D52: =INDIRECT("RawData!"&ADDRESS(ROW(),1)) -> Raghav Chadha | E52: =INDIRECT("RawData!"&ADDRESS(ROW(),COLUMN()-3)) -> 20 | F52: =INDIRECT("RawData!"&ADDRESS(ROW(),COLUMN()-3)) -> 26 | G52: =INDIRECT("RawData!"&ADDRESS(ROW(),COLUMN()-3)) -> 20 | H52: =INDIRECT("RawData!"&ADDRESS(ROW(),COLUMN()-3)) -> 40 | I52: =INDIRECT("RawData!"&ADDRESS(ROW(),COLUMN()-3)) -> 34 | J52: =INDIRECT("RawData!"&ADDRESS(ROW(),COLUMN()-3)) -> 38 | K52: =INDIRECT("RawData!"&ADDRESS(ROW(),COLUMN()-3)) -> 40 | L52: =INDIRECT("RawData!"&ADDRESS(ROW(),COLUMN()-3)) -> 34 | ... KS52: =INDIRECT("RawData!"&ADDRESS(ROW(),COLUMN()-3))
A53: Mrs. Priti Mittal | B53: 9416317175 , 8901147126 | C53: https://lookerstudio.google.com/reporting/439695e0-5bc6-418c-9b13-1fae1c0b3afe | D53: =INDIRECT("RawData!"&ADDRESS(ROW(),1)) -> Ridhaan Mittal | E53: =INDIRECT("RawData!"&ADDRESS(ROW(),COLUMN()-3)) -> 22 | F53: =INDIRECT("RawData!"&ADDRESS(ROW(),COLUMN()-3)) -> 20 | G53: =INDIRECT("RawData!"&ADDRESS(ROW(),COLUMN()-3)) -> 24 | H53: =INDIRECT("RawData!"&ADDRESS(ROW(),COLUMN()-3)) -> 30 | I53: =INDIRECT("RawData!"&ADDRESS(ROW(),COLUMN()-3)) -> 36 | J53: =INDIRECT("RawData!"&ADDRESS(ROW(),COLUMN()-3)) -> 32 | K53: =INDIRECT("RawData!"&ADDRESS(ROW(),COLUMN()-3)) -> 20 | L53: =INDIRECT("RawData!"&ADDRESS(ROW(),COLUMN()-3)) -> 36 | ... KS53: =INDIRECT("RawData!"&ADDRESS(ROW(),COLUMN()-3))
A54: Mrs. Shallu Goyal | B54: 9671355771 | C54: https://lookerstudio.google.com/reporting/606d804c-016c-48ee-a309-0a3d156eea74 | D54: =INDIRECT("RawData!"&ADDRESS(ROW(),1)) -> Ridhi Goyal | E54: =INDIRECT("RawData!"&ADDRESS(ROW(),COLUMN()-3)) -> 24 | F54: =INDIRECT("RawData!"&ADDRESS(ROW(),COLUMN()-3)) -> 40 | G54: =INDIRECT("RawData!"&ADDRESS(ROW(),COLUMN()-3)) -> 22 | H54: =INDIRECT("RawData!"&ADDRESS(ROW(),COLUMN()-3)) -> 40 | I54: =INDIRECT("RawData!"&ADDRESS(ROW(),COLUMN()-3)) -> 38 | J54: =INDIRECT("RawData!"&ADDRESS(ROW(),COLUMN()-3)) -> 36 | K54: =INDIRECT("RawData!"&ADDRESS(ROW(),COLUMN()-3)) -> 42 | L54: =INDIRECT("RawData!"&ADDRESS(ROW(),COLUMN()-3)) -> 36 | ... KS54: =INDIRECT("RawData!"&ADDRESS(ROW(),COLUMN()-3))
A55: Mrs. Ekta Gupta | B55: 9814908222, 9814608222 | C55: https://lookerstudio.google.com/reporting/791fd1f2-3355-4e5f-8d03-6fd12257c565 | D55: =INDIRECT("RawData!"&ADDRESS(ROW(),1)) -> Ridhi Gupta | E55: =INDIRECT("RawData!"&ADDRESS(ROW(),COLUMN()-3)) -> Absent | F55: =INDIRECT("RawData!"&ADDRESS(ROW(),COLUMN()-3)) -> Absent | G55: =INDIRECT("RawData!"&ADDRESS(ROW(),COLUMN()-3)) -> Absent | H55: =INDIRECT("RawData!"&ADDRESS(ROW(),COLUMN()-3)) -> Absent | I55: =INDIRECT("RawData!"&ADDRESS(ROW(),COLUMN()-3)) -> 32 | J55: =INDIRECT("RawData!"&ADDRESS(ROW(),COLUMN()-3)) -> 16 | K55: =INDIRECT("RawData!"&ADDRESS(ROW(),COLUMN()-3)) -> 18 | L55: =INDIRECT("RawData!"&ADDRESS(ROW(),COLUMN()-3)) -> 34 | ... KS55: =INDIRECT("RawData!"&ADDRESS(ROW(),COLUMN()-3))
A56: Mr. Bhupendra Sharma | B56: 9871414495 | C56: https://lookerstudio.google.com/reporting/19cb51f6-d1e2-4dce-87c1-d8f1ab3b0311 | D56: =INDIRECT("RawData!"&ADDRESS(ROW(),1)) -> Rudra Sharma | E56: =INDIRECT("RawData!"&ADDRESS(ROW(),COLUMN()-3)) -> 16 | F56: =INDIRECT("RawData!"&ADDRESS(ROW(),COLUMN()-3)) -> 22 | G56: =INDIRECT("RawData!"&ADDRESS(ROW(),COLUMN()-3)) -> 22 | H56: =INDIRECT("RawData!"&ADDRESS(ROW(),COLUMN()-3)) -> 26 | I56: =INDIRECT("RawData!"&ADDRESS(ROW(),COLUMN()-3)) -> 28 | J56: =INDIRECT("RawData!"&ADDRESS(ROW(),COLUMN()-3)) -> 40 | K56: =INDIRECT("RawData!"&ADDRESS(ROW(),COLUMN()-3)) -> 34 | L56: =INDIRECT("RawData!"&ADDRESS(ROW(),COLUMN()-3)) -> 24 | ... KS56: =INDIRECT("RawData!"&ADDRESS(ROW(),COLUMN()-3))
A57: Mrs. Mini Arora | B57: 9729847348 | C57: https://lookerstudio.google.com/reporting/ca1b2c71-3224-4d11-9edd-edc738e66ff9 | D57: =INDIRECT("RawData!"&ADDRESS(ROW(),1)) -> Rushita gulati | E57: =INDIRECT("RawData!"&ADDRESS(ROW(),COLUMN()-3)) -> 24 | F57: =INDIRECT("RawData!"&ADDRESS(ROW(),COLUMN()-3)) -> 30 | G57: =INDIRECT("RawData!"&ADDRESS(ROW(),COLUMN()-3)) -> 24 | H57: =INDIRECT("RawData!"&ADDRESS(ROW(),COLUMN()-3)) -> 32 | I57: =INDIRECT("RawData!"&ADDRESS(ROW(),COLUMN()-3)) -> 20 | J57: =INDIRECT("RawData!"&ADDRESS(ROW(),COLUMN()-3)) -> 32 | K57: =INDIRECT("RawData!"&ADDRESS(ROW(),COLUMN()-3)) -> 32 | L57: =INDIRECT("RawData!"&ADDRESS(ROW(),COLUMN()-3)) -> 34 | ... KS57: =INDIRECT("RawData!"&ADDRESS(ROW(),COLUMN()-3))
A58: Mr. Nitesh Jain | B58: 9958050082, 9810213652 | C58: https://datastudio.google.com/reporting/23baaae8-6962-4949-83f3-62dc07cc3cd4 | D58: =INDIRECT("RawData!"&ADDRESS(ROW(),1)) -> Saanvi Jain | E58: =INDIRECT("RawData!"&ADDRESS(ROW(),COLUMN()-3)) -> Absent | F58: =INDIRECT("RawData!"&ADDRESS(ROW(),COLUMN()-3)) -> Absent | G58: =INDIRECT("RawData!"&ADDRESS(ROW(),COLUMN()-3)) -> Absent | H58: =INDIRECT("RawData!"&ADDRESS(ROW(),COLUMN()-3)) -> Absent | I58: =INDIRECT("RawData!"&ADDRESS(ROW(),COLUMN()-3)) -> Absent | J58: =INDIRECT("RawData!"&ADDRESS(ROW(),COLUMN()-3)) -> Absent | K58: =INDIRECT("RawData!"&ADDRESS(ROW(),COLUMN()-3)) -> Absent | L58: =INDIRECT("RawData!"&ADDRESS(ROW(),COLUMN()-3)) -> Absent | ... KS58: =INDIRECT("RawData!"&ADDRESS(ROW(),COLUMN()-3))
A59: Mr. Sumit Sharma | B59: 9416493069 | C59: https://lookerstudio.google.com/reporting/691c62cb-18b7-4aee-89cb-1ce092190e5b | D59: =INDIRECT("RawData!"&ADDRESS(ROW(),1)) -> Saanvi Sharma | E59: =INDIRECT("RawData!"&ADDRESS(ROW(),COLUMN()-3)) -> 18 | F59: =INDIRECT("RawData!"&ADDRESS(ROW(),COLUMN()-3)) -> 34 | G59: =INDIRECT("RawData!"&ADDRESS(ROW(),COLUMN()-3)) -> 20 | H59: =INDIRECT("RawData!"&ADDRESS(ROW(),COLUMN()-3)) -> 38 | I59: =INDIRECT("RawData!"&ADDRESS(ROW(),COLUMN()-3)) -> 36 | J59: =INDIRECT("RawData!"&ADDRESS(ROW(),COLUMN()-3)) -> 36 | K59: =INDIRECT("RawData!"&ADDRESS(ROW(),COLUMN()-3)) -> 40 | L59: =INDIRECT("RawData!"&ADDRESS(ROW(),COLUMN()-3)) -> 36 | ... KS59: =INDIRECT("RawData!"&ADDRESS(ROW(),COLUMN()-3))
A60: Mr. Tarun Sharma | B60: 9599380314 | C60: https://lookerstudio.google.com/reporting/2e4dcbbf-3c1f-48b8-921b-913443fa1bc8 | D60: =INDIRECT("RawData!"&ADDRESS(ROW(),1)) -> Sarthak Sharma | E60: =INDIRECT("RawData!"&ADDRESS(ROW(),COLUMN()-3)) -> Absent | F60: =INDIRECT("RawData!"&ADDRESS(ROW(),COLUMN()-3)) -> Absent | G60: =INDIRECT("RawData!"&ADDRESS(ROW(),COLUMN()-3)) -> 20 | H60: =INDIRECT("RawData!"&ADDRESS(ROW(),COLUMN()-3)) -> 30 | I60: =INDIRECT("RawData!"&ADDRESS(ROW(),COLUMN()-3)) -> 18 | J60: =INDIRECT("RawData!"&ADDRESS(ROW(),COLUMN()-3)) -> 18 | K60: =INDIRECT("RawData!"&ADDRESS(ROW(),COLUMN()-3)) -> 18 | L60: =INDIRECT("RawData!"&ADDRESS(ROW(),COLUMN()-3)) -> 16 | ... KS60: =INDIRECT("RawData!"&ADDRESS(ROW(),COLUMN()-3))
A61: Mrs. Shivani | B61: 7357033147 | C61: https://lookerstudio.google.com/reporting/c17c8b73-bd59-441e-ae34-9af828529320 | D61: =INDIRECT("RawData!"&ADDRESS(ROW(),1)) -> Shivansh goel | E61: =INDIRECT("RawData!"&ADDRESS(ROW(),COLUMN()-3)) -> 12 | F61: =INDIRECT("RawData!"&ADDRESS(ROW(),COLUMN()-3)) -> 30 | G61: =INDIRECT("RawData!"&ADDRESS(ROW(),COLUMN()-3)) -> 22 | H61: =INDIRECT("RawData!"&ADDRESS(ROW(),COLUMN()-3)) -> 34 | I61: =INDIRECT("RawData!"&ADDRESS(ROW(),COLUMN()-3)) -> 24 | J61: =INDIRECT("RawData!"&ADDRESS(ROW(),COLUMN()-3)) -> 24 | K61: =INDIRECT("RawData!"&ADDRESS(ROW(),COLUMN()-3)) -> 28 | L61: =INDIRECT("RawData!"&ADDRESS(ROW(),COLUMN()-3)) -> 26 | ... KS61: =INDIRECT("RawData!"&ADDRESS(ROW(),COLUMN()-3))
A62: Mrs. Shilpi Jain | B62: 8199991552, 9729412555 | C62: https://lookerstudio.google.com/reporting/0c8fc20e-8dcc-41d5-b919-0964e265c74e | D62: =INDIRECT("RawData!"&ADDRESS(ROW(),1)) -> Shreya Jain | E62: =INDIRECT("RawData!"&ADDRESS(ROW(),COLUMN()-3)) -> 22 | F62: =INDIRECT("RawData!"&ADDRESS(ROW(),COLUMN()-3)) -> 26 | G62: =INDIRECT("RawData!"&ADDRESS(ROW(),COLUMN()-3)) -> 24 | H62: =INDIRECT("RawData!"&ADDRESS(ROW(),COLUMN()-3)) -> 38 | I62: =INDIRECT("RawData!"&ADDRESS(ROW(),COLUMN()-3)) -> 34 | J62: =INDIRECT("RawData!"&ADDRESS(ROW(),COLUMN()-3)) -> 32 | K62: =INDIRECT("RawData!"&ADDRESS(ROW(),COLUMN()-3)) -> 38 | L62: =INDIRECT("RawData!"&ADDRESS(ROW(),COLUMN()-3)) -> 30 | ... KS62: =INDIRECT("RawData!"&ADDRESS(ROW(),COLUMN()-3))
A63: Mrs. Chanchal Gupta | B63: 7988913044 | C63: https://lookerstudio.google.com/reporting/05e69ff7-8d15-46ef-80b8-fd9856c83893 | D63: =INDIRECT("RawData!"&ADDRESS(ROW(),1)) -> Tanmay Gupta | E63: Absent | F63: Absent | G63: Absent | H63: Absent | I63: =INDIRECT("RawData!"&ADDRESS(ROW(),COLUMN()-3)) -> 38 | J63: =INDIRECT("RawData!"&ADDRESS(ROW(),COLUMN()-3)) -> 32 | K63: =INDIRECT("RawData!"&ADDRESS(ROW(),COLUMN()-3)) -> 34 | L63: =INDIRECT("RawData!"&ADDRESS(ROW(),COLUMN()-3)) -> 36 | M63: =INDIRECT("RawData!"&ADDRESS(ROW(),COLUMN()-3)) -> Absent | N63: =INDIRECT("RawData!"&ADDRESS(ROW(),COLUMN()-3)) -> Absent | O63: =INDIRECT("RawData!"&ADDRESS(ROW(),COLUMN()-3)) -> 22 | P63: =INDIRECT("RawData!"&ADDRESS(ROW(),COLUMN()-3)) -> 32 | ... KS63: =INDIRECT("RawData!"&ADDRESS(ROW(),COLUMN()-3))
A64: Mrs. Swati Soni | B64: 8950466422 | C64: https://lookerstudio.google.com/reporting/b03a7969-38e9-4732-b347-c8102291dd98 | D64: =INDIRECT("RawData!"&ADDRESS(ROW(),1)) -> Trisha Soni | E64: absent | F64: Absent | G64: Absent | H64: Absent | I64: =INDIRECT("RawData!"&ADDRESS(ROW(),COLUMN()-3)) -> 40 | J64: =INDIRECT("RawData!"&ADDRESS(ROW(),COLUMN()-3)) -> 36 | K64: =INDIRECT("RawData!"&ADDRESS(ROW(),COLUMN()-3)) -> 34 | L64: =INDIRECT("RawData!"&ADDRESS(ROW(),COLUMN()-3)) -> 40 | M64: =INDIRECT("RawData!"&ADDRESS(ROW(),COLUMN()-3)) -> 34 | N64: =INDIRECT("RawData!"&ADDRESS(ROW(),COLUMN()-3)) -> 18 | O64: =INDIRECT("RawData!"&ADDRESS(ROW(),COLUMN()-3)) -> 34 | P64: =INDIRECT("RawData!"&ADDRESS(ROW(),COLUMN()-3)) -> 28 | ... KS64: =INDIRECT("RawData!"&ADDRESS(ROW(),COLUMN()-3))
A65: Mrs. Sumedha Sharma | B65: 9992203099 | C65: https://lookerstudio.google.com/reporting/4d646780-0429-4181-90e5-8fe87fe33426 | D65: =INDIRECT("RawData!"&ADDRESS(ROW(),1)) -> Vedant Vashishat | E65: =INDIRECT("RawData!"&ADDRESS(ROW(),COLUMN()-3)) -> 16 | F65: =INDIRECT("RawData!"&ADDRESS(ROW(),COLUMN()-3)) -> 22 | G65: =INDIRECT("RawData!"&ADDRESS(ROW(),COLUMN()-3)) -> 20 | H65: =INDIRECT("RawData!"&ADDRESS(ROW(),COLUMN()-3)) -> 36 | I65: =INDIRECT("RawData!"&ADDRESS(ROW(),COLUMN()-3)) -> 34 | J65: =INDIRECT("RawData!"&ADDRESS(ROW(),COLUMN()-3)) -> Absent | K65: =INDIRECT("RawData!"&ADDRESS(ROW(),COLUMN()-3)) -> 30 | L65: =INDIRECT("RawData!"&ADDRESS(ROW(),COLUMN()-3)) -> 36 | ... KS65: =INDIRECT("RawData!"&ADDRESS(ROW(),COLUMN()-3))
A66: Mrs. Seema Rani | B66: 9416180755 | C66: https://datastudio.google.com/reporting/4404ec57-b1d8-44a5-9460-92fdcb9e3dc1 | D66: =INDIRECT("RawData!"&ADDRESS(ROW(),1)) -> Vinayak Bakshi | E66: =INDIRECT("RawData!"&ADDRESS(ROW(),COLUMN()-3)) -> Absent | F66: =INDIRECT("RawData!"&ADDRESS(ROW(),COLUMN()-3)) -> Absent | G66: =INDIRECT("RawData!"&ADDRESS(ROW(),COLUMN()-3)) -> Absent | H66: =INDIRECT("RawData!"&ADDRESS(ROW(),COLUMN()-3)) -> Absent | I66: =INDIRECT("RawData!"&ADDRESS(ROW(),COLUMN()-3)) -> Absent | J66: =INDIRECT("RawData!"&ADDRESS(ROW(),COLUMN()-3)) -> Absent | K66: =INDIRECT("RawData!"&ADDRESS(ROW(),COLUMN()-3)) -> Absent | L66: =INDIRECT("RawData!"&ADDRESS(ROW(),COLUMN()-3)) -> Absent | ... KS66: =INDIRECT("RawData!"&ADDRESS(ROW(),COLUMN()-3))
A67: Mrs. Kirti | B67: 9728881112 | C67: https://lookerstudio.google.com/reporting/f033c257-2fb4-4f23-bbcd-b160d889a86b | D67: =INDIRECT("RawData!"&ADDRESS(ROW(),1)) -> Vridhi | E67: =INDIRECT("RawData!"&ADDRESS(ROW(),COLUMN()-3)) -> 20 | F67: =INDIRECT("RawData!"&ADDRESS(ROW(),COLUMN()-3)) -> 16 | G67: =INDIRECT("RawData!"&ADDRESS(ROW(),COLUMN()-3)) -> 20 | H67: =INDIRECT("RawData!"&ADDRESS(ROW(),COLUMN()-3)) -> 28 | I67: =INDIRECT("RawData!"&ADDRESS(ROW(),COLUMN()-3)) -> 28 | J67: =INDIRECT("RawData!"&ADDRESS(ROW(),COLUMN()-3)) -> 36 | K67: =INDIRECT("RawData!"&ADDRESS(ROW(),COLUMN()-3)) -> 40 | L67: =INDIRECT("RawData!"&ADDRESS(ROW(),COLUMN()-3)) -> 32 | ... KS67: =INDIRECT("RawData!"&ADDRESS(ROW(),COLUMN()-3))
D68: =INDIRECT("RawData!"&ADDRESS(ROW(),1)) | E68: =INDIRECT("RawData!"&ADDRESS(ROW(),COLUMN()-3)) | F68: =INDIRECT("RawData!"&ADDRESS(ROW(),COLUMN()-3)) | G68: =INDIRECT("RawData!"&ADDRESS(ROW(),COLUMN()-3)) | H68: =INDIRECT("RawData!"&ADDRESS(ROW(),COLUMN()-3)) | I68: =INDIRECT("RawData!"&ADDRESS(ROW(),COLUMN()-3)) | J68: =INDIRECT("RawData!"&ADDRESS(ROW(),COLUMN()-3)) | K68: =INDIRECT("RawData!"&ADDRESS(ROW(),COLUMN()-3)) | L68: =INDIRECT("RawData!"&ADDRESS(ROW(),COLUMN()-3)) | ... KS68: =INDIRECT("RawData!"&ADDRESS(ROW(),COLUMN()-3))
D69: =INDIRECT("RawData!"&ADDRESS(ROW(),1)) | E69: =INDIRECT("RawData!"&ADDRESS(ROW(),COLUMN()-3)) | F69: =INDIRECT("RawData!"&ADDRESS(ROW(),COLUMN()-3)) | G69: =INDIRECT("RawData!"&ADDRESS(ROW(),COLUMN()-3)) | H69: =INDIRECT("RawData!"&ADDRESS(ROW(),COLUMN()-3)) | I69: =INDIRECT("RawData!"&ADDRESS(ROW(),COLUMN()-3)) | J69: =INDIRECT("RawData!"&ADDRESS(ROW(),COLUMN()-3)) | K69: =INDIRECT("RawData!"&ADDRESS(ROW(),COLUMN()-3)) | L69: =INDIRECT("RawData!"&ADDRESS(ROW(),COLUMN()-3)) | ... KS69: =INDIRECT("RawData!"&ADDRESS(ROW(),COLUMN()-3))
D70: =INDIRECT("RawData!"&ADDRESS(ROW(),1)) | E70: =INDIRECT("RawData!"&ADDRESS(ROW(),COLUMN()-3)) | F70: =INDIRECT("RawData!"&ADDRESS(ROW(),COLUMN()-3)) | G70: =INDIRECT("RawData!"&ADDRESS(ROW(),COLUMN()-3)) | H70: =INDIRECT("RawData!"&ADDRESS(ROW(),COLUMN()-3)) | I70: =INDIRECT("RawData!"&ADDRESS(ROW(),COLUMN()-3)) | J70: =INDIRECT("RawData!"&ADDRESS(ROW(),COLUMN()-3)) | K70: =INDIRECT("RawData!"&ADDRESS(ROW(),COLUMN()-3)) | L70: =INDIRECT("RawData!"&ADDRESS(ROW(),COLUMN()-3)) | ... KS70: =INDIRECT("RawData!"&ADDRESS(ROW(),COLUMN()-3))
D71: =INDIRECT("RawData!"&ADDRESS(ROW(),1)) | E71: =INDIRECT("RawData!"&ADDRESS(ROW(),COLUMN()-3)) | F71: =INDIRECT("RawData!"&ADDRESS(ROW(),COLUMN()-3)) | G71: =INDIRECT("RawData!"&ADDRESS(ROW(),COLUMN()-3)) | H71: =INDIRECT("RawData!"&ADDRESS(ROW(),COLUMN()-3)) | I71: =INDIRECT("RawData!"&ADDRESS(ROW(),COLUMN()-3)) | J71: =INDIRECT("RawData!"&ADDRESS(ROW(),COLUMN()-3)) | K71: =INDIRECT("RawData!"&ADDRESS(ROW(),COLUMN()-3)) | L71: =INDIRECT("RawData!"&ADDRESS(ROW(),COLUMN()-3)) | ... KS71: =INDIRECT("RawData!"&ADDRESS(ROW(),COLUMN()-3))
D72: =INDIRECT("RawData!"&ADDRESS(ROW(),1)) | E72: =INDIRECT("RawData!"&ADDRESS(ROW(),COLUMN()-3)) | F72: =INDIRECT("RawData!"&ADDRESS(ROW(),COLUMN()-3)) | G72: =INDIRECT("RawData!"&ADDRESS(ROW(),COLUMN()-3)) | H72: =INDIRECT("RawData!"&ADDRESS(ROW(),COLUMN()-3)) | I72: =INDIRECT("RawData!"&ADDRESS(ROW(),COLUMN()-3)) | J72: =INDIRECT("RawData!"&ADDRESS(ROW(),COLUMN()-3)) | K72: =INDIRECT("RawData!"&ADDRESS(ROW(),COLUMN()-3)) | L72: =INDIRECT("RawData!"&ADDRESS(ROW(),COLUMN()-3)) | ... KS72: =INDIRECT("RawData!"&ADDRESS(ROW(),COLUMN()-3))
D73: =INDIRECT("RawData!"&ADDRESS(ROW(),1)) | E73: =INDIRECT("RawData!"&ADDRESS(ROW(),COLUMN()-3)) | F73: =INDIRECT("RawData!"&ADDRESS(ROW(),COLUMN()-3)) | G73: =INDIRECT("RawData!"&ADDRESS(ROW(),COLUMN()-3)) | H73: =INDIRECT("RawData!"&ADDRESS(ROW(),COLUMN()-3)) | I73: =INDIRECT("RawData!"&ADDRESS(ROW(),COLUMN()-3)) | J73: =INDIRECT("RawData!"&ADDRESS(ROW(),COLUMN()-3)) | K73: =INDIRECT("RawData!"&ADDRESS(ROW(),COLUMN()-3)) | L73: =INDIRECT("RawData!"&ADDRESS(ROW(),COLUMN()-3)) | ... KS73: =INDIRECT("RawData!"&ADDRESS(ROW(),COLUMN()-3))
D74: =INDIRECT("RawData!"&ADDRESS(ROW(),1)) | E74: =INDIRECT("RawData!"&ADDRESS(ROW(),COLUMN()-3)) | F74: =INDIRECT("RawData!"&ADDRESS(ROW(),COLUMN()-3)) | G74: =INDIRECT("RawData!"&ADDRESS(ROW(),COLUMN()-3)) | H74: =INDIRECT("RawData!"&ADDRESS(ROW(),COLUMN()-3)) | I74: =INDIRECT("RawData!"&ADDRESS(ROW(),COLUMN()-3)) | J74: =INDIRECT("RawData!"&ADDRESS(ROW(),COLUMN()-3)) | K74: =INDIRECT("RawData!"&ADDRESS(ROW(),COLUMN()-3)) | L74: =INDIRECT("RawData!"&ADDRESS(ROW(),COLUMN()-3)) | ... KS74: =INDIRECT("RawData!"&ADDRESS(ROW(),COLUMN()-3))
D75: =INDIRECT("RawData!"&ADDRESS(ROW(),1)) | E75: =INDIRECT("RawData!"&ADDRESS(ROW(),COLUMN()-3)) | F75: =INDIRECT("RawData!"&ADDRESS(ROW(),COLUMN()-3)) | G75: =INDIRECT("RawData!"&ADDRESS(ROW(),COLUMN()-3)) | H75: =INDIRECT("RawData!"&ADDRESS(ROW(),COLUMN()-3)) | I75: =INDIRECT("RawData!"&ADDRESS(ROW(),COLUMN()-3)) | J75: =INDIRECT("RawData!"&ADDRESS(ROW(),COLUMN()-3)) | K75: =INDIRECT("RawData!"&ADDRESS(ROW(),COLUMN()-3)) | L75: =INDIRECT("RawData!"&ADDRESS(ROW(),COLUMN()-3)) | ... KS75: =INDIRECT("RawData!"&ADDRESS(ROW(),COLUMN()-3))
D76: =INDIRECT("RawData!"&ADDRESS(ROW(),1)) | E76: =INDIRECT("RawData!"&ADDRESS(ROW(),COLUMN()-3)) | F76: =INDIRECT("RawData!"&ADDRESS(ROW(),COLUMN()-3)) | G76: =INDIRECT("RawData!"&ADDRESS(ROW(),COLUMN()-3)) | H76: =INDIRECT("RawData!"&ADDRESS(ROW(),COLUMN()-3)) | I76: =INDIRECT("RawData!"&ADDRESS(ROW(),COLUMN()-3)) | J76: =INDIRECT("RawData!"&ADDRESS(ROW(),COLUMN()-3)) | K76: =INDIRECT("RawData!"&ADDRESS(ROW(),COLUMN()-3)) | L76: =INDIRECT("RawData!"&ADDRESS(ROW(),COLUMN()-3)) | ... KS76: =INDIRECT("RawData!"&ADDRESS(ROW(),COLUMN()-3))
D77: =INDIRECT("RawData!"&ADDRESS(ROW(),1)) | E77: =INDIRECT("RawData!"&ADDRESS(ROW(),COLUMN()-3)) | F77: =INDIRECT("RawData!"&ADDRESS(ROW(),COLUMN()-3)) | G77: =INDIRECT("RawData!"&ADDRESS(ROW(),COLUMN()-3)) | H77: =INDIRECT("RawData!"&ADDRESS(ROW(),COLUMN()-3)) | I77: =INDIRECT("RawData!"&ADDRESS(ROW(),COLUMN()-3)) | J77: =INDIRECT("RawData!"&ADDRESS(ROW(),COLUMN()-3)) | K77: =INDIRECT("RawData!"&ADDRESS(ROW(),COLUMN()-3)) | L77: =INDIRECT("RawData!"&ADDRESS(ROW(),COLUMN()-3)) | ... KS77: =INDIRECT("RawData!"&ADDRESS(ROW(),COLUMN()-3))
D78: =INDIRECT("RawData!"&ADDRESS(ROW(),1)) | E78: =INDIRECT("RawData!"&ADDRESS(ROW(),COLUMN()-3)) | F78: =INDIRECT("RawData!"&ADDRESS(ROW(),COLUMN()-3)) | G78: =INDIRECT("RawData!"&ADDRESS(ROW(),COLUMN()-3)) | H78: =INDIRECT("RawData!"&ADDRESS(ROW(),COLUMN()-3)) | I78: =INDIRECT("RawData!"&ADDRESS(ROW(),COLUMN()-3)) | J78: =INDIRECT("RawData!"&ADDRESS(ROW(),COLUMN()-3)) | K78: =INDIRECT("RawData!"&ADDRESS(ROW(),COLUMN()-3)) | L78: =INDIRECT("RawData!"&ADDRESS(ROW(),COLUMN()-3)) | ... KS78: =INDIRECT("RawData!"&ADDRESS(ROW(),COLUMN()-3))
D79: =INDIRECT("RawData!"&ADDRESS(ROW(),1)) | E79: =INDIRECT("RawData!"&ADDRESS(ROW(),COLUMN()-3)) | F79: =INDIRECT("RawData!"&ADDRESS(ROW(),COLUMN()-3)) | G79: =INDIRECT("RawData!"&ADDRESS(ROW(),COLUMN()-3)) | H79: =INDIRECT("RawData!"&ADDRESS(ROW(),COLUMN()-3)) | I79: =INDIRECT("RawData!"&ADDRESS(ROW(),COLUMN()-3)) | J79: =INDIRECT("RawData!"&ADDRESS(ROW(),COLUMN()-3)) | K79: =INDIRECT("RawData!"&ADDRESS(ROW(),COLUMN()-3)) | L79: =INDIRECT("RawData!"&ADDRESS(ROW(),COLUMN()-3)) | ... KS79: =INDIRECT("RawData!"&ADDRESS(ROW(),COLUMN()-3))
... D98: =INDIRECT("RawData!"&ADDRESS(ROW(),1)) | E98: =INDIRECT("RawData!"&ADDRESS(ROW(),COLUMN()-3)) | F98: =INDIRECT("RawData!"&ADDRESS(ROW(),COLUMN()-3)) | G98: =INDIRECT("RawData!"&ADDRESS(ROW(),COLUMN()-3)) | H98: =INDIRECT("RawData!"&ADDRESS(ROW(),COLUMN()-3)) | I98: =INDIRECT("RawData!"&ADDRESS(ROW(),COLUMN()-3)) | J98: =INDIRECT("RawData!"&ADDRESS(ROW(),COLUMN()-3)) | K98: =INDIRECT("RawData!"&ADDRESS(ROW(),COLUMN()-3)) | L98: =INDIRECT("RawData!"&ADDRESS(ROW(),COLUMN()-3)) | ... KS98: =INDIRECT("RawData!"&ADDRESS(ROW(),COLUMN()-3))

Sheet WhatsApp Send Log
A1: Timestamp | B1: Test Number | C1: Test Column | D1: Test Date | E1: Student Name | F1: Phone Number | G1: Dashboard Link | H1: Status | I1: Message ID | J1: Error (if any) | K1: Protected
A2: 46119.478 | B2: 1 | C2: E1 | D2: 46118 | E2: Aabhav Aggarwal | F2: 919416177674 | G2: https://lookerstudio.google.com/reporting/b56c7bd8-a855-4974-8118-cd4cd2779f96 | H2: SENT | I2: wamid.HBgMOTE5NDE2MTc3Njc0FQIAERgSMDRFODAwODVCMERBNzYzRTY0AA== | K2: No
A3: 46119.478 | B3: 1 | C3: E1 | D3: 46118 | E3: Aarav Bansal | F3: 919812955220 | G3: https://lookerstudio.google.com/reporting/8e503f98-b9ea-4967-90be-a092944aa9df | H3: SENT | I3: wamid.HBgMOTE5ODEyOTU1MjIwFQIAERgSRTY3N0QwNzlDNEQwMkZENzJGAA== | K3: No
A4: 46119.478 | B4: 1 | C4: E1 | D4: 46118 | E4: Aarav Gupta | F4: 919466335774 | G4: https://lookerstudio.google.com/reporting/75329970-6ac0-472c-9d08-b8ff8687e0b6 | H4: SENT - ABSENT | K4: No
A5: 46119.478 | B5: 1 | C5: E1 | D5: 46118 | E5: Aashi Gupta | F5: 919416269340 | G5: https://lookerstudio.google.com/reporting/adf66053-e2a6-463b-828b-99f4a2bcf38d | H5: SENT | I5: wamid.HBgMOTE5NDE2MjY5MzQwFQIAERgSQ0U2RDUxMDVBNjVDMDNFMUY1AA== | K5: No
A6: 46119.479 | B6: 1 | C6: E1 | D6: 46118 | E6: Aabhav Aggarwal | F6: 919416177674 | G6: https://lookerstudio.google.com/reporting/b56c7bd8-a855-4974-8118-cd4cd2779f96 | H6: SENT | I6: wamid.HBgMOTE5NDE2MTc3Njc0FQIAERgSOThDNjJGNzdCM0NFRkFEMzBBAA== | K6: No
A7: 46119.479 | B7: 1 | C7: E1 | D7: 46118 | E7: Aarav Bansal | F7: 919812955220 | G7: https://lookerstudio.google.com/reporting/8e503f98-b9ea-4967-90be-a092944aa9df | H7: SENT | I7: wamid.HBgMOTE5ODEyOTU1MjIwFQIAERgSQzIxRDdGNjQxMDlFMEE5RkE1AA== | K7: No
A8: 46119.479 | B8: 1 | C8: E1 | D8: 46118 | E8: Aarav Gupta | F8: 919466335774 | G8: https://lookerstudio.google.com/reporting/75329970-6ac0-472c-9d08-b8ff8687e0b6 | H8: SENT - ABSENT | K8: No
A9: 46119.479 | B9: 1 | C9: E1 | D9: 46118 | E9: Aashi Gupta | F9: 919416269340 | G9: https://lookerstudio.google.com/reporting/adf66053-e2a6-463b-828b-99f4a2bcf38d | H9: SENT | I9: wamid.HBgMOTE5NDE2MjY5MzQwFQIAERgSQ0M2MEMyNTNDRDFDQjczRTgwAA== | K9: No
A10: 46119.479 | B10: 1 | C10: E1 | D10: 46118 | E10: Aashray Maken | F10: 919728186516 | G10: https://lookerstudio.google.com/reporting/430d10b0-8a9e-4805-a87a-c155c302d8bb | H10: SENT | I10: wamid.HBgMOTE5NzI4MTg2NTE2FQIAERgSM0FERkQ5QjZBNTZGRjVEMTkyAA== | K10: No
A11: 46119.479 | B11: 1 | C11: E1 | D11: 46118 | E11: Adhiraj Dhall | F11: 919466854020 | G11: https://lookerstudio.google.com/reporting/7043de87-8507-4587-8f60-5206dc75b4c3 | H11: SENT | I11: wamid.HBgMOTE5NDY2ODU0MDIwFQIAERgSNzVFQUY1ODMzOUE3QzFBMDA2AA== | K11: No
A12: 46119.479 | B12: 1 | C12: E1 | D12: 46118 | E12: Akshat Singh | F12: 917206249087 | G12: https://lookerstudio.google.com/reporting/6ae07695-7c18-45ce-8bcb-ff42d20c5c64 | H12: SENT | I12: wamid.HBgMOTE3MjA2MjQ5MDg3FQIAERgSRjU0RDUwQzFFNjVBMTAwMEM2AA== | K12: No
A13: 46119.479 | B13: 1 | C13: E1 | D13: 46118 | E13: Aliya Guglani | F13: 919996745800 | G13: https://lookerstudio.google.com/reporting/764daa09-14a4-4d07-99fb-47e75bb09deb | H13: SENT | I13: wamid.HBgMOTE5OTk2NzQ1ODAwFQIAERgSQUNBRTQ1NkQ3QzJDQTBDNjhGAA== | K13: No
A14: 46119.479 | B14: 1 | C14: E1 | D14: 46118 | E14: Anay Arora | F14: 919896164643 | G14: https://lookerstudio.google.com/reporting/ff81dbbe-5f0f-41a0-8273-a93e22db8041 | H14: SENT | I14: wamid.HBgMOTE5ODk2MTY0NjQzFQIAERgSNjVBMjlCMUIwNDJFMTBENjU4AA== | K14: No
A15: 46119.479 | B15: 1 | C15: E1 | D15: 46118 | E15: Arnav Goel | F15: 917876611111 | G15: https://lookerstudio.google.com/reporting/a42666dc-19fa-4c1b-b17a-12e033ddec56 | H15: SENT | I15: wamid.HBgMOTE3ODc2NjExMTExFQIAERgSMjkzQkU5NzZBNjcyQTlGRkE5AA== | K15: No
A16: 46119.479 | B16: 1 | C16: E1 | D16: 46118 | E16: Arnav Saxena | F16: 917206088590 | G16: https://lookerstudio.google.com/reporting/640a40d2-25b8-40f4-91d4-af283a2ca7ea | H16: SENT | I16: wamid.HBgMOTE3MjA2MDg4NTkwFQIAERgSMkM2Qjg2RUE3RERFOUVFODIzAA== | K16: No
A17: 46119.479 | B17: 1 | C17: E1 | D17: 46118 | E17: Atharv Aggarwal | F17: 919996617210 | G17: https://lookerstudio.google.com/reporting/bca936b3-0681-4eee-a0d1-5d0c5b1e3509 | H17: SENT | I17: wamid.HBgMOTE5OTk2NjE3MjEwFQIAERgSMjJFNkMzQTkyQUM4NTc2QzBGAA== | K17: No
A18: 46119.479 | B18: 1 | C18: E1 | D18: 46118 | E18: Avni Chhabra | F18: 917988106247 | G18: https://lookerstudio.google.com/reporting/d3fb6689-a385-45f6-a0f4-0d524f13421d | H18: SENT | I18: wamid.HBgMOTE3OTg4MTA2MjQ3FQIAERgSRThDQkI3Q0Y4RDZGQTk5MDEyAA== | K18: No
A19: 46119.479 | B19: 1 | C19: E1 | D19: 46118 | E19: Ayaan Guglani | F19: 919812203460 | G19: https://lookerstudio.google.com/reporting/f68a8a51-9f34-4363-810f-3e73ca551560 | H19: SENT | I19: wamid.HBgMOTE5ODEyMjAzNDYwFQIAERgSQjI3RDhCMTFEMEM4QTdGMEM5AA== | K19: No
A20: 46119.479 | B20: 1 | C20: E1 | D20: 46118 | E20: Ayaan Singh | F20: 919896157477 | G20: https://lookerstudio.google.com/reporting/2d8f68a8-a6eb-413a-b73c-db0cf71c6e94 | H20: SENT | I20: wamid.HBgMOTE5ODk2MTU3NDc3FQIAERgSRTQ5NTM0MDI3NUE2NDFENEI1AA== | K20: No
... A24: 46119.479 | B24: 1 | C24: E1 | D24: 46118 | E24: Bhuvi Chauhan | F24: 918222876492 | G24: https://lookerstudio.google.com/reporting/741130cd-c3fd-479a-9172-30dfca859d35 | H24: SENT | I24: wamid.HBgMOTE4MjIyODc2NDkyFQIAERgSNDkyRjJFMDRBNzExNjVFNkE3AA== | K24: No
A25: 46119.479 | B25: 1 | C25: E1 | D25: 46118 | E25: Chahat Sehgal | F25: 919017802483 | G25: https://lookerstudio.google.com/reporting/ecab8d0c-2aa9-481d-a207-47eed87756b1 | H25: SENT - ABSENT | K25: No
A26: 46119.479 | B26: 1 | C26: E1 | D26: 46118 | E26: Daksh Julka | F26: 919991990856 | G26: https://lookerstudio.google.com/reporting/067140c2-6bc3-43e7-a5eb-673cdfa9b7b5 | H26: SENT | I26: wamid.HBgMOTE5OTkxOTkwODU2FQIAERgSQUVEMjU1QTQ1NjA3MDIyQjlEAA== | K26: No
A27: 46119.479 | B27: 1 | C27: E1 | D27: 46118 | E27: Devishee Nayar | F27: 918950538980 | G27: https://lookerstudio.google.com/reporting/3a10ed55-5c7c-4541-8f6c-b949bc7f8960 | H27: SENT | I27: wamid.HBgMOTE4OTUwNTM4OTgwFQIAERgSRUNCNTI1ODM4NERFQjhFRTM4AA== | K27: No
A28: 46119.479 | B28: 1 | C28: E1 | D28: 46118 | E28: Devishi Gupta | F28: 919467387110 | G28: https://lookerstudio.google.com/reporting/ac60c508-f9c4-49d1-8413-57fd1b986a3f | H28: SENT | I28: wamid.HBgMOTE5NDY3Mzg3MTEwFQIAERgSNDdEMDg5Q0VEMDQzNjA5NjFEAA== | K28: No
A29: 46119.479 | B29: 1 | C29: E1 | D29: 46118 | E29: Japnidh Singh | F29: 919896942375 | G29: https://lookerstudio.google.com/reporting/82ec907e-6dca-4545-b256-460b91406454 | H29: SENT | I29: wamid.HBgMOTE5ODk2OTQyMzc1FQIAERgSOUNFMjIzQUUxRUFBNDAzN0IwAA== | K29: No
A30: 46119.479 | B30: 1 | C30: E1 | D30: 46118 | E30: Jaskeerat Kaur | F30: 919802222201 | G30: https://lookerstudio.google.com/reporting/ac60c508-f9c4-49d1-8413-57fd1b986a3f | H30: SENT | I30: wamid.HBgMOTE5ODAyMjIyMjAxFQIAERgSODcyOTUwRUM1QzZBM0MyNTBCAA== | K30: No
A31: 46119.479 | B31: 1 | C31: E1 | D31: 46118 | E31: Kanishk Singh | F31: 919817574525 | G31: https://lookerstudio.google.com/reporting/275710da-13b2-4bf7-9b9c-e2f7686768d0 | H31: SENT | I31: wamid.HBgMOTE5ODE3NTc0NTI1FQIAERgSMTgxNDQ5QUIwRjk4NEU3QjcwAA== | K31: No
A32: 46119.479 | B32: 1 | C32: E1 | D32: 46118 | E32: Kartik Gupta | F32: 917206066000 | G32: https://lookerstudio.google.com/reporting/e6da509a-6f9d-4452-a3af-4d31c3c5af79 | H32: SENT | I32: wamid.HBgMOTE3MjA2MDY2MDAwFQIAERgSOTNBNjczQkUyQ0Q1MDdGOTUwAA== | K32: No
A33: 46119.479 | B33: 1 | C33: E1 | D33: 46118 | E33: Kavish Batra | F33: 919416937002 | G33: https://lookerstudio.google.com/reporting/0285bee3-7a67-416d-b088-d1c73f4a1905 | H33: SENT | I33: wamid.HBgMOTE5NDE2OTM3MDAyFQIAERgSNTdFREFDNDczNTBDOTE5RjJGAA== | K33: No
A34: 46119.48 | B34: 1 | C34: E1 | D34: 46118 | E34: Keshav Gupta | F34: 918168346179 | G34: https://lookerstudio.google.com/reporting/ac60c508-f9c4-49d1-8413-57fd1b986a3f | H34: SENT | I34: wamid.HBgMOTE4MTY4MzQ2MTc5FQIAERgSMzEzOEY4M0E2Qzk0RkFFMTNCAA== | K34: No
A35: 46119.48 | B35: 1 | C35: E1 | D35: 46118 | E35: Krish Aggarwal | F35: 919215632123 | H35: SENT | I35: wamid.HBgMOTE5MjE1NjMyMTIzFQIAERgSMDVCMTk3QjNFQjJBOTI0MjhDAA== | K35: No
A36: 46119.48 | B36: 1 | C36: E1 | D36: 46118 | E36: Leeroy Bansal | F36: 919812032486 | G36: https://lookerstudio.google.com/reporting/ea98b414-7d00-47c7-94e6-30a48178d804 | H36: SENT - ABSENT | K36: No
A37: 46119.48 | B37: 1 | C37: E1 | D37: 46118 | E37: Mahir Walia | F37: 919355107666 | G37: https://lookerstudio.google.com/reporting/41e324a6-2a62-49b6-9516-399427c96bf9 | H37: SENT - ABSENT | K37: No
A38: 46119.48 | B38: 1 | C38: E1 | D38: 46118 | E38: Mankirat Singh | F38: 919416493069 | G38: https://lookerstudio.google.com/reporting/cc683183-824a-4bbd-9c8e-57ce700961e8 | H38: SENT | I38: wamid.HBgMOTE5NDE2NDkzMDY5FQIAERgSODVCMTM2QzkwQzE0MDNBQkY1AA== | K38: No
A39: 46119.48 | B39: 1 | C39: E1 | D39: 46118 | E39: Mehar | F39: 918689001523 | G39: https://lookerstudio.google.com/reporting/64221184-61ce-4442-9931-eed19cebf411 | H39: SENT | I39: wamid.HBgMOTE4Njg5MDAxNTIzFQIAERgSQUNDQTY0RTg3MUJGNTI0NjZEAA== | K39: No
A40: 46119.48 | B40: 1 | C40: E1 | D40: 46118 | E40: Mukul Aggarwal | F40: 919466396554 | G40: https://lookerstudio.google.com/reporting/c6ebbacc-8f38-487f-acd9-5e51baeb90c8 | H40: SENT | I40: wamid.HBgMOTE5NDY2Mzk2NTU0FQIAERgSNkFFMDhFNThDRTg5QjYzNkIzAA== | K40: No
A41: 46119.48 | B41: 1 | C41: E1 | D41: 46118 | E41: Prasham Jain. | F41: 919896353519 | G41: https://lookerstudio.google.com/reporting/e22d982e-176a-4758-823c-2873070c8172 | H41: SENT | I41: wamid.HBgMOTE5ODk2MzUzNTE5FQIAERgSQUJDNDk5QTk5MzQ4Qjg4MTU3AA== | K41: No
A42: 46119.48 | B42: 1 | C42: E1 | D42: 46118 | E42: Radhika Namdev | F42: 919996771749 | G42: https://lookerstudio.google.com/reporting/78410040-c165-4a6c-9280-f923f7e149f0 | H42: SENT | I42: wamid.HBgMOTE5OTk2NzcxNzQ5FQIAERgSMUJCOTFBRkVGRTU2MzFBNDcxAA== | K42: No
A43: 46119.48 | B43: 1 | C43: E1 | D43: 46118 | E43: Raghav Chadha | F43: 919896943689 | G43: https://lookerstudio.google.com/reporting/d00f93e1-0ff5-463e-8b62-eb4697e490f9 | H43: SENT | I43: wamid.HBgMOTE5ODk2OTQzNjg5FQIAERgSMUNCNjE3MzY2NEFBMkY0MEVCAA== | K43: No
A44: 46119.48 | B44: 1 | C44: E1 | D44: 46118 | E44: Ridhaan Mittal | F44: 919416317175 | G44: https://lookerstudio.google.com/reporting/439695e0-5bc6-418c-9b13-1fae1c0b3afe | H44: SENT | I44: wamid.HBgMOTE5NDE2MzE3MTc1FQIAERgSRjczQTg4OTlBMTVEQ0Y4MTg3AA== | K44: No
A45: 46119.48 | B45: 1 | C45: E1 | D45: 46118 | E45: Ridhaan Mittal | F45: 918901147126 | G45: https://lookerstudio.google.com/reporting/439695e0-5bc6-418c-9b13-1fae1c0b3afe | H45: SENT | I45: wamid.HBgMOTE4OTAxMTQ3MTI2FQIAERgSM0M4OTBFNjI5RDE3N0Y1QkUxAA== | K45: No
A46: 46119.48 | B46: 1 | C46: E1 | D46: 46118 | E46: Ridhi Goyal | F46: 919671355771 | G46: https://lookerstudio.google.com/reporting/606d804c-016c-48ee-a309-0a3d156eea74 | H46: SENT | I46: wamid.HBgMOTE5NjcxMzU1NzcxFQIAERgSNzNCNzQ0NDlDOEI0NEQ2MTBFAA== | K46: No
A47: 46119.48 | B47: 1 | C47: E1 | D47: 46118 | E47: Ridhi Gupta | F47: 919814908222 | G47: https://lookerstudio.google.com/reporting/791fd1f2-3355-4e5f-8d03-6fd12257c565 | H47: SENT - ABSENT | K47: No
A48: 46119.48 | B48: 1 | C48: E1 | D48: 46118 | E48: Rudra Sharma | F48: 919871414495 | G48: https://lookerstudio.google.com/reporting/19cb51f6-d1e2-4dce-87c1-d8f1ab3b0311 | H48: SENT | I48: wamid.HBgMOTE5ODcxNDE0NDk1FQIAERgSNzZFRDQyRUI1NTQ0ODIyNUNGAA== | K48: No
A49: 46119.48 | B49: 1 | C49: E1 | D49: 46118 | E49: Rushita gulati | F49: 919729847348 | G49: https://lookerstudio.google.com/reporting/ca1b2c71-3224-4d11-9edd-edc738e66ff9 | H49: SENT | I49: wamid.HBgMOTE5NzI5ODQ3MzQ4FQIAERgSNjgxNjA3REFEODhDMjg3MEIyAA== | K49: No
A50: 46119.48 | B50: 1 | C50: E1 | D50: 46118 | E50: Saanvi Sharma | F50: 919416493069 | G50: https://lookerstudio.google.com/reporting/691c62cb-18b7-4aee-89cb-1ce092190e5b | H50: SENT | I50: wamid.HBgMOTE5NDE2NDkzMDY5FQIAERgSN0JBOEI0ODZBNkZCMUU4ODA4AA== | K50: No
A51: 46119.48 | B51: 1 | C51: E1 | D51: 46118 | E51: Sarthak Sharma | F51: 919599380314 | G51: https://lookerstudio.google.com/reporting/2e4dcbbf-3c1f-48b8-921b-913443fa1bc8 | H51: SENT - ABSENT | K51: No
A52: 46119.48 | B52: 1 | C52: E1 | D52: 46118 | E52: Shivansh Goel | F52: 917357033147 | G52: https://lookerstudio.google.com/reporting/c17c8b73-bd59-441e-ae34-9af828529320 | H52: SENT | I52: wamid.HBgMOTE3MzU3MDMzMTQ3FQIAERgSMTdDNEFFOUZGMTNCMTM0MDU4AA== | K52: No
A53: 46119.48 | B53: 1 | C53: E1 | D53: 46118 | E53: Shreya Jain | F53: 918199991552 | G53: https://lookerstudio.google.com/reporting/0c8fc20e-8dcc-41d5-b919-0964e265c74e | H53: SENT | I53: wamid.HBgMOTE4MTk5OTkxNTUyFQIAERgSMzdBNUExQkFGNDNCMzlCNzY2AA== | K53: No
A54: 46119.48 | B54: 1 | C54: E1 | D54: 46118 | E54: Shreya Jain | F54: 919729412555 | G54: https://lookerstudio.google.com/reporting/0c8fc20e-8dcc-41d5-b919-0964e265c74e | H54: SENT | I54: wamid.HBgMOTE5NzI5NDEyNTU1FQIAERgSOEM0MDU0NThDRkJBNDcyNTgxAA== | K54: No
A55: 46119.48 | B55: 1 | C55: E1 | D55: 46118 | E55: Tanmay Gupta | F55: 917988913044 | G55: https://lookerstudio.google.com/reporting/05e69ff7-8d15-46ef-80b8-fd9856c83893 | H55: SENT | I55: wamid.HBgMOTE3OTg4OTEzMDQ0FQIAERgSMjI1RTUxMzA3NTI3NDU3MDlGAA== | K55: No
A56: 46119.48 | B56: 1 | C56: E1 | D56: 46118 | E56: Trisha Soni | F56: 918950466422 | G56: https://lookerstudio.google.com/reporting/b03a7969-38e9-4732-b347-c8102291dd98 | H56: SENT | I56: wamid.HBgMOTE4OTUwNDY2NDIyFQIAERgSN0Q5MUJFODZBMzExM0I5MDBCAA== | K56: No
A57: 46119.48 | B57: 1 | C57: E1 | D57: 46118 | E57: Vedansh Bajaj | F57: 9027577777 | G57: https://lookerstudio.google.com/reporting/2f31f5ea-b2b1-4200-854f-806948ad25d4 | H57: SENT - ABSENT | K57: No
A58: 46119.48 | B58: 1 | C58: E1 | D58: 46118 | E58: Vedant Vashishat | F58: 919992203099 | G58: https://lookerstudio.google.com/reporting/4d646780-0429-4181-90e5-8fe87fe33426 | H58: SENT | I58: wamid.HBgMOTE5OTkyMjAzMDk5FQIAERgSRThBQkVCNzNFMEQwNTc4MkQyAA== | K58: No
A59: 46119.48 | B59: 1 | C59: E1 | D59: 46118 | E59: Virat Anand | F59: 917988667644 | G59: https://lookerstudio.google.com/reporting/68c668b4-d804-405f-84f1-efe06bcc6877 | H59: SENT | I59: wamid.HBgMOTE3OTg4NjY3NjQ0FQIAERgSQTQ3NUM3MEE2ODcxOTJCQjEwAA== | K59: No
A60: 46119.48 | B60: 1 | C60: E1 | D60: 46118 | E60: Vridhi | F60: 919728881112 | G60: https://lookerstudio.google.com/reporting/f033c257-2fb4-4f23-bbcd-b160d889a86b | H60: SENT | I60: wamid.HBgMOTE5NzI4ODgxMTEyFQIAERgSOUYxOUUxQjUxMjZBQTM3Q0JEAA== | K60: No
A61: 46120.488 | B61: 2 | C61: F1 | D61: 46118 | E61: Aabhav Aggarwal | F61: 919416177674 | G61: https://lookerstudio.google.com/reporting/b56c7bd8-a855-4974-8118-cd4cd2779f96 | H61: SENT | I61: wamid.HBgMOTE5NDE2MTc3Njc0FQIAERgSMkM1ODkzM0M4OEM3QTkyNzBDAA== | K61: No
A62: 46120.488 | B62: 2 | C62: F1 | D62: 46118 | E62: Aarav Bansal | F62: 919812955220 | G62: https://lookerstudio.google.com/reporting/8e503f98-b9ea-4967-90be-a092944aa9df | H62: SENT | I62: wamid.HBgMOTE5ODEyOTU1MjIwFQIAERgSMEU0MEZEMzFENkIyOEM2N0JEAA== | K62: No
A63: 46120.488 | B63: 2 | C63: F1 | D63: 46118 | E63: Aarav Gupta | F63: 919466335774 | G63: https://lookerstudio.google.com/reporting/75329970-6ac0-472c-9d08-b8ff8687e0b6 | H63: SENT - ABSENT | K63: No
A64: 46120.488 | B64: 2 | C64: F1 | D64: 46118 | E64: Aashi Gupta | F64: 919416269340 | G64: https://lookerstudio.google.com/reporting/adf66053-e2a6-463b-828b-99f4a2bcf38d | H64: SENT | I64: wamid.HBgMOTE5NDE2MjY5MzQwFQIAERgSQjlFMkI1RjQzRjMwMjcxNkFGAA== | K64: No
A65: 46120.488 | B65: 2 | C65: F1 | D65: 46118 | E65: Aashray Maken | F65: 919728186516 | G65: https://lookerstudio.google.com/reporting/430d10b0-8a9e-4805-a87a-c155c302d8bb | H65: SENT | I65: wamid.HBgMOTE5NzI4MTg2NTE2FQIAERgSNEQ5QjE5NUZCODI0NzZENzUzAA== | K65: No
A66: 46120.488 | B66: 2 | C66: F1 | D66: 46118 | E66: Adhiraj Dhall | F66: 919466854020 | G66: https://lookerstudio.google.com/reporting/7043de87-8507-4587-8f60-5206dc75b4c3 | H66: SENT | I66: wamid.HBgMOTE5NDY2ODU0MDIwFQIAERgSQ0U3NTQ3RDJENTM5MzFEOUY0AA== | K66: No
A67: 46120.488 | B67: 2 | C67: F1 | D67: 46118 | E67: Akshat Singh | F67: 917206249087 | G67: https://lookerstudio.google.com/reporting/6ae07695-7c18-45ce-8bcb-ff42d20c5c64 | H67: SENT | I67: wamid.HBgMOTE3MjA2MjQ5MDg3FQIAERgSMTc4MDVGOEJBRjEwMkQwM0M3AA== | K67: No
A68: 46120.488 | B68: 2 | C68: F1 | D68: 46118 | E68: Aliya Guglani | F68: 919996745800 | G68: https://lookerstudio.google.com/reporting/764daa09-14a4-4d07-99fb-47e75bb09deb | H68: SENT | I68: wamid.HBgMOTE5OTk2NzQ1ODAwFQIAERgSRDQ5NzAyQTU1RDVBOTY3NTAwAA== | K68: No
A69: 46120.488 | B69: 2 | C69: F1 | D69: 46118 | E69: Anay Arora | F69: 919896164643 | G69: https://lookerstudio.google.com/reporting/ff81dbbe-5f0f-41a0-8273-a93e22db8041 | H69: SENT | I69: wamid.HBgMOTE5ODk2MTY0NjQzFQIAERgSNjNGOEJDM0M2NzAzRkQyNjY5AA== | K69: No
A70: 46120.488 | B70: 2 | C70: F1 | D70: 46118 | E70: Arnav Goel | F70: 917876611111 | G70: https://lookerstudio.google.com/reporting/a42666dc-19fa-4c1b-b17a-12e033ddec56 | H70: SENT | I70: wamid.HBgMOTE3ODc2NjExMTExFQIAERgSNzlBRDMwQzRFQjA3N0I3MjE4AA== | K70: No
A71: 46120.488 | B71: 2 | C71: F1 | D71: 46118 | E71: Arnav Saxena | F71: 917206088590 | G71: https://lookerstudio.google.com/reporting/640a40d2-25b8-40f4-91d4-af283a2ca7ea | H71: SENT | I71: wamid.HBgMOTE3MjA2MDg4NTkwFQIAERgSMEFEMThFNDlCQkU3MjI4NkMwAA== | K71: No
A72: 46120.488 | B72: 2 | C72: F1 | D72: 46118 | E72: Atharv Aggarwal | F72: 919996617210 | G72: https://lookerstudio.google.com/reporting/bca936b3-0681-4eee-a0d1-5d0c5b1e3509 | H72: SENT | I72: wamid.HBgMOTE5OTk2NjE3MjEwFQIAERgSOUU0M0FGNjU3NUY2NDREQTFDAA== | K72: No
A73: 46120.488 | B73: 2 | C73: F1 | D73: 46118 | E73: Avni Chhabra | F73: 917988106247 | G73: https://lookerstudio.google.com/reporting/d3fb6689-a385-45f6-a0f4-0d524f13421d | H73: SENT | I73: wamid.HBgMOTE3OTg4MTA2MjQ3FQIAERgSODBERUU5NDA4NTI5OUI4RkRCAA== | K73: No
A74: 46120.488 | B74: 2 | C74: F1 | D74: 46118 | E74: Ayaan Guglani | F74: 919812203460 | G74: https://lookerstudio.google.com/reporting/f68a8a51-9f34-4363-810f-3e73ca551560 | H74: SENT | I74: wamid.HBgMOTE5ODEyMjAzNDYwFQIAERgSQkIyMjQwQUM3MkVGMDg2MzE4AA== | K74: No
A75: 46120.488 | B75: 2 | C75: F1 | D75: 46118 | E75: Ayaan Singh | F75: 919896157477 | G75: https://lookerstudio.google.com/reporting/2d8f68a8-a6eb-413a-b73c-db0cf71c6e94 | H75: SENT | I75: wamid.HBgMOTE5ODk2MTU3NDc3FQIAERgSMDlBRDJENkE4RDA1RkY3MkI3AA== | K75: No
... A85: 46120.489 | B85: 2 | C85: F1 | D85: 46118 | E85: Jaskeerat Kaur | F85: 919802222201 | G85: https://lookerstudio.google.com/reporting/853c32df-73f6-40b4-be48-9eebfc4ac037 | H85: SENT | I85: wamid.HBgMOTE5ODAyMjIyMjAxFQIAERgSODFEQ0QwQzNGRjkxRTRGMUQwAA== | K85: No
A86: 46120.489 | B86: 2 | C86: F1 | D86: 46118 | E86: Jigar | F86: 919416553499 | G86: https://lookerstudio.google.com/reporting/df451d53-a67e-4ea1-bd4a-ec79b097910f | H86: SENT - ABSENT | K86: No
A87: 46120.489 | B87: 2 | C87: F1 | D87: 46118 | E87: Kanishk Singh | F87: 919817574525 | G87: https://lookerstudio.google.com/reporting/275710da-13b2-4bf7-9b9c-e2f7686768d0 | H87: SENT | I87: wamid.HBgMOTE5ODE3NTc0NTI1FQIAERgSMkVGRDI5QkRBNENBRkIzM0UwAA== | K87: No
A88: 46120.489 | B88: 2 | C88: F1 | D88: 46118 | E88: Kartik Gupta | F88: 917206066000 | G88: https://lookerstudio.google.com/reporting/e6da509a-6f9d-4452-a3af-4d31c3c5af79 | H88: SENT | I88: wamid.HBgMOTE3MjA2MDY2MDAwFQIAERgSQkY2Nzg0Q0QzNjg3QkU2RjA4AA== | K88: No
A89: 46120.489 | B89: 2 | C89: F1 | D89: 46118 | E89: Kavish Batra | F89: 919416937002 | G89: https://lookerstudio.google.com/reporting/0285bee3-7a67-416d-b088-d1c73f4a1905 | H89: SENT | I89: wamid.HBgMOTE5NDE2OTM3MDAyFQIAERgSOTE2NkRGN0EzMDRCMjgzQTY3AA== | K89: No
A90: 46120.489 | B90: 2 | C90: F1 | D90: 46118 | E90: Keshav Gupta | F90: 918168346179 | G90: https://lookerstudio.google.com/reporting/3cea9e1c-9f7c-4b4e-b08d-ef0333d3d7e2 | H90: SENT | I90: wamid.HBgMOTE4MTY4MzQ2MTc5FQIAERgSMzJGMEQzNUYxNTVFMjc0OTJDAA== | K90: No
A91: 46120.489 | B91: 2 | C91: F1 | D91: 46118 | E91: Krish Aggarwal | F91: 919215632123 | G91: https://lookerstudio.google.com/reporting/727894bf-0dcd-4a30-a486-35163998bd3a | H91: SENT | I91: wamid.HBgMOTE5MjE1NjMyMTIzFQIAERgSRTY4QUREMDkzQ0Y2REU5MjQ2AA== | K91: No
A92: 46120.489 | B92: 2 | C92: F1 | D92: 46118 | E92: Leeroy Bansal | F92: 919812032486 | G92: https://lookerstudio.google.com/reporting/ea98b414-7d00-47c7-94e6-30a48178d804 | H92: SENT - ABSENT | K92: No
A93: 46120.489 | B93: 2 | C93: F1 | D93: 46118 | E93: Mahir Walia | F93: 919355107666 | G93: https://lookerstudio.google.com/reporting/41e324a6-2a62-49b6-9516-399427c96bf9 | H93: SENT - ABSENT | K93: No
A94: 46120.489 | B94: 2 | C94: F1 | D94: 46118 | E94: Mankirat Singh | F94: 919812462716 | G94: https://lookerstudio.google.com/reporting/cc683183-824a-4bbd-9c8e-57ce700961e8 | H94: SENT | I94: wamid.HBgMOTE5ODEyNDYyNzE2FQIAERgSMTgyMDU5NDNBODUyODdCMzhDAA== | K94: No
A95: 46120.489 | B95: 2 | C95: F1 | D95: 46118 | E95: Mehar | F95: 918689001523 | G95: https://lookerstudio.google.com/reporting/64221184-61ce-4442-9931-eed19cebf411 | H95: SENT | I95: wamid.HBgMOTE4Njg5MDAxNTIzFQIAERgSNDFCRjVBOTdCMEQxNzVCRTdBAA== | K95: No
A96: 46120.489 | B96: 2 | C96: F1 | D96: 46118 | E96: Mukul Aggarwal | F96: 919466396554 | G96: https://lookerstudio.google.com/reporting/c6ebbacc-8f38-487f-acd9-5e51baeb90c8 | H96: SENT | I96: wamid.HBgMOTE5NDY2Mzk2NTU0FQIAERgSODA2NzZBODAyRDIxQzc4MkY0AA== | K96: No
A97: 46120.49 | B97: 2 | C97: F1 | D97: 46118 | E97: Prasham Jain. | F97: 919896353519 | G97: https://lookerstudio.google.com/reporting/e22d982e-176a-4758-823c-2873070c8172 | H97: SENT | I97: wamid.HBgMOTE5ODk2MzUzNTE5FQIAERgSNjFGMzRGQ0RDNDJBMjM3OUZBAA== | K97: No
A98: 46120.49 | B98: 2 | C98: F1 | D98: 46118 | E98: Radhika Namdev | F98: 919996771749 | G98: https://lookerstudio.google.com/reporting/59de5c12-4d21-409b-b064-073365d291de | H98: SENT | I98: wamid.HBgMOTE5OTk2NzcxNzQ5FQIAERgSRDNDREQ2NUFDMDgyRjJGOTYxAA== | K98: No
A99: 46120.49 | B99: 2 | C99: F1 | D99: 46118 | E99: Raghav Chadha | F99: 919896943689 | G99: https://lookerstudio.google.com/reporting/d00f93e1-0ff5-463e-8b62-eb4697e490f9 | H99: SENT | I99: wamid.HBgMOTE5ODk2OTQzNjg5FQIAERgSODVFOTAyQzE3OEI5QThGNUZDAA== | K99: No
A100: 46120.49 | B100: 2 | C100: F1 | D100: 46118 | E100: Ridhaan Mittal | F100: 919416317175 | G100: https://lookerstudio.google.com/reporting/439695e0-5bc6-418c-9b13-1fae1c0b3afe | H100: SENT | I100: wamid.HBgMOTE5NDE2MzE3MTc1FQIAERgSN0ZFRTY4MDhFRTFFNTlCRjBGAA== | K100: No
A101: 46120.49 | B101: 2 | C101: F1 | D101: 46118 | E101: Ridhaan Mittal | F101: 918901147126 | G101: https://lookerstudio.google.com/reporting/439695e0-5bc6-418c-9b13-1fae1c0b3afe | H101: SENT | I101: wamid.HBgMOTE4OTAxMTQ3MTI2FQIAERgSOTZBRTE2MzY2MDNERDdERTcyAA== | K101: No
A102: 46120.49 | B102: 2 | C102: F1 | D102: 46118 | E102: Ridhi Goyal | F102: 919671355771 | G102: https://lookerstudio.google.com/reporting/606d804c-016c-48ee-a309-0a3d156eea74 | H102: SENT | I102: wamid.HBgMOTE5NjcxMzU1NzcxFQIAERgSMjk5ODU0NEE1MkYxMjZBRDlBAA== | K102: No
A103: 46120.49 | B103: 2 | C103: F1 | D103: 46118 | E103: Ridhi Gupta | F103: 919814908222 | G103: https://lookerstudio.google.com/reporting/791fd1f2-3355-4e5f-8d03-6fd12257c565 | H103: SENT - ABSENT | K103: No
A104: 46120.49 | B104: 2 | C104: F1 | D104: 46118 | E104: Rudra Sharma | F104: 919871414495 | G104: https://lookerstudio.google.com/reporting/19cb51f6-d1e2-4dce-87c1-d8f1ab3b0311 | H104: SENT | I104: wamid.HBgMOTE5ODcxNDE0NDk1FQIAERgSQTlFMzgyMDc4RkU4RUY5QTY1AA== | K104: No
A105: 46120.49 | B105: 2 | C105: F1 | D105: 46118 | E105: Rushita gulati | F105: 919729847348 | G105: https://lookerstudio.google.com/reporting/ca1b2c71-3224-4d11-9edd-edc738e66ff9 | H105: SENT | I105: wamid.HBgMOTE5NzI5ODQ3MzQ4FQIAERgSM0Q3QTQ5QjM3QzlBOEZERDJBAA== | K105: No
A106: 46120.49 | B106: 2 | C106: F1 | D106: 46118 | E106: Saanvi Sharma | F106: 919416493069 | G106: https://lookerstudio.google.com/reporting/691c62cb-18b7-4aee-89cb-1ce092190e5b | H106: SENT | I106: wamid.HBgMOTE5NDE2NDkzMDY5FQIAERgSMERGOTQyRjdCQjcyOEZEQjhFAA== | K106: No
A107: 46120.49 | B107: 2 | C107: F1 | D107: 46118 | E107: Sarthak Sharma | F107: 919599380314 | G107: https://lookerstudio.google.com/reporting/2e4dcbbf-3c1f-48b8-921b-913443fa1bc8 | H107: SENT - ABSENT | K107: No
A108: 46120.49 | B108: 2 | C108: F1 | D108: 46118 | E108: Shivansh Goel | F108: 917357033147 | G108: https://lookerstudio.google.com/reporting/c17c8b73-bd59-441e-ae34-9af828529320 | H108: SENT | I108: wamid.HBgMOTE3MzU3MDMzMTQ3FQIAERgSMEE5RDE5QjA3OEM1NjU5MTZDAA== | K108: No
A109: 46120.49 | B109: 2 | C109: F1 | D109: 46118 | E109: Shreya Jain | F109: 918199991552 | G109: https://lookerstudio.google.com/reporting/0c8fc20e-8dcc-41d5-b919-0964e265c74e | H109: SENT | I109: wamid.HBgMOTE4MTk5OTkxNTUyFQIAERgSRTBBQUFDM0VCNDEyNjM1Mzg5AA== | K109: No
A110: 46120.49 | B110: 2 | C110: F1 | D110: 46118 | E110: Shreya Jain | F110: 919729412555 | G110: https://lookerstudio.google.com/reporting/0c8fc20e-8dcc-41d5-b919-0964e265c74e | H110: SENT | I110: wamid.HBgMOTE5NzI5NDEyNTU1FQIAERgSRTM5MENFNUM1Q0MzMzMwRTREAA== | K110: No
A111: 46120.49 | B111: 2 | C111: F1 | D111: 46118 | E111: Tanmay Gupta | F111: 917988913044 | G111: https://lookerstudio.google.com/reporting/05e69ff7-8d15-46ef-80b8-fd9856c83893 | H111: SENT | I111: wamid.HBgMOTE3OTg4OTEzMDQ0FQIAERgSQzk2RDk2NzZFQkYyRjY2QjhDAA== | K111: No
A112: 46120.49 | B112: 2 | C112: F1 | D112: 46118 | E112: Trisha Soni | F112: 918950466422 | G112: https://lookerstudio.google.com/reporting/b03a7969-38e9-4732-b347-c8102291dd98 | H112: SENT | I112: wamid.HBgMOTE4OTUwNDY2NDIyFQIAERgSMDFBM0UxQzc2RDdDNUJCQzFGAA== | K112: No
...

Sheet Activity Log
A1: Timestamp | B1: User Email | C1: Action | D1: Details
A2: 46112.517 | B2: admin@saraswatividyamandir.com | C2: Generate Top Scorers | D2: Column 5 - Dec 23, 2025
A3: 46112.517 | B3: admin@saraswatividyamandir.com | C3: Generate Top Scorers | D3: Column 5 - Dec 23, 2025
A4: 46112.518 | B4: admin@saraswatividyamandir.com | C4: Generate Top Scorers | D4: Column 5 - Dec 23, 2025
A5: 46112.529 | B5: admin@saraswatividyamandir.com | C5: Generate Top Scorers | D5: Column 5 - Dec 23, 2025
A6: 46112.758 | B6: svmambala@gmail.com | C6: Generate Top Scorers | D6: Column 5 - Dec 23, 2025
A7: 46119.477 | B7: svmambala@gmail.com | C7: Generate Top Scorers | D7: Column 5 - Apr 06, 2026
A8: 46119.478 | B8: svmambala@gmail.com | C8: Test Send WhatsApp | D8: Test #1 - Column 5 - Apr 06, 2026 (First 3)
A9: 46119.479 | B9: svmambala@gmail.com | C9: Send WhatsApp | D9: Test #1 - Column 5 - Apr 06, 2026
A10: 46119.481 | B10: svmambala@gmail.com | C10: Protect Column | D10: Column 5 - Protected: Test #1 (Apr 06, 2026)
A11: 46120.487 | B11: svmambala@gmail.com | C11: Send WhatsApp | D11: Test #2 - Column 6 - Apr 06, 2026
A12: 46120.491 | B12: svmambala@gmail.com | C12: Protect Column | D12: Column 6 - Protected: Test #2 (Apr 06, 2026)
A13: 46120.809 | B13: admin@saraswatividyamandir.com | C13: Generate Top Scorers | D13: Column 7 - Apr 08, 2026
... A190: 46184.711 | B190: svmambala@gmail.com | C190: Protect Column | D190: Column 54 - Protected: Jun 04, 2026 - Manually locked
